smiles,status
CC(=O)NC1=CC=C(C=C1)O,Carcinogen
CC(=O)C1=CC=C(C=C1)S(=O)(=O)NC(=O)NC2CCCCC2,Non-Carcinogen
CC(=NNC1=NC=C(S1)C2=CC=C(O2)[N+](=O)[O-])C,Carcinogen
CC(=NO)C,Carcinogen
CC(=O)OC(C=C)C1=CC2=C(C=C1)OCO2,Carcinogen
CC(=O)NC1=CC=C(C=C1)C2=CC=CC=C2,Carcinogen
CC(=O)NC1=CC=CC2=C1CC3=CC=CC=C32,Non-Carcinogen
CC(=O)NC1=CC2=C(C=C1)C3=CC=CC=C3C2,Carcinogen
CC(=O)NC1=CC=CC2=C1C3=CC=CC=C3C2,Non-Carcinogen
CC(=O)NC1=CC=C(C=C1)CC(=O)O,Non-Carcinogen
CC(=O)N[C@@H](CS)C(=O)O,Non-Carcinogen
C=CC=O,Non-Carcinogen
CCOC(C=C)OCC,Non-Carcinogen
C=C/C=N/O,Non-Carcinogen
CC1(C=CC2=C3C(=C(C=C2O1)OC)C(=O)C4=CC=CC=C4N3C)C,Carcinogen
C=CC(=O)N,Carcinogen
C=CC(=O)O,Non-Carcinogen
C=CC#N,Carcinogen
C(CCC(=O)N)CC(=O)N,Non-Carcinogen
C1=COC(=C1)/C(=C/C2=CC=C(O2)[N+](=O)[O-])/C(=O)N,Carcinogen
COC1=C2C3=C([C@@H](CC3)O)C(=O)OC2=C4[C@@H]5C=CO[C@H]5OC4=C1,Carcinogen
COC1=C2C3=C(C(=O)CC3)C(=O)OC2=C4C5C=COC5OC4=C1,Carcinogen
COC1=C2C3=C(C(=O)OCC3)C(=O)OC2=C4C5C=COC5OC4=C1,Carcinogen
C=CCOC1=C(C=C(C=C1)CC(=O)O)Cl,Non-Carcinogen
CC(C)(/C=N/OC(=O)NC)SC,Non-Carcinogen
C1[C@@H]2C=CC1[C@H]3[C@@H]2[C@]4(C(=C(C3(C4(Cl)Cl)Cl)Cl)Cl)Cl,Non-Carcinogen
CCCCCCCCCCC(C)C1=CC=C(C=C1)S(=O)(=O)[O-],Non-Carcinogen
CCCCCCCCCC[N+](C)(C)[O-],Non-Carcinogen
C1(C(=O)NC(=O)N1)NC(=O)N,Non-Carcinogen
C=CCO,Non-Carcinogen
C=CCOCC1CO1,Non-Carcinogen
C=CCN=C=S,Carcinogen
CC(C)CC(=O)OCC=C,Carcinogen
C=CCN(C(=O)N)N=O,Carcinogen
C1=CC=C2C(=C1)C(=O)C3=C(C2=O)C(=C(C=C3Br)Br)N,Carcinogen
CCOC1=C(C=C(C=C1)NC(=O)C)N,Non-Carcinogen
CCN1C2=C(C=C(C=C2)N)C3=CC=CC=C31,Carcinogen
C1=C(N=C(S1)N=C(N)N)CSCCNC2=NSN=C2N,Carcinogen
CC1=C(C2=C(C=C1)C(=O)C3=CC=CC=C3C2=O)N,Carcinogen
C1=C(OC(=C1)[N+](=O)[O-])C2=NN=C(O2)N,Carcinogen
C1=C(OC(=C1)[N+](=O)[O-])C2=NN=C(S2)N,Carcinogen
C1=C(OC(=C1)[N+](=O)[O-])C2=CSC(=N2)N,Carcinogen
C1=CC(=C(C=C1[N+](=O)[O-])N)O,Carcinogen
C1=CC(=C(C=C1[N+](=O)[O-])O)N,Carcinogen
C1=CC(=C(C=C1N)[N+](=O)[O-])O,Carcinogen
C1=C(SC(=N1)N)[N+](=O)[O-],Carcinogen
C1=CC=C(C=C1)C2C(=O)N=C(O2)N,Non-Carcinogen
C1=CC=C2C(=C1)C(=O)C3=C(C2=O)C=C(C=C3)N,Carcinogen
CC1=CC=CC=C1N=NC2=CC(=C(C=C2)N)C,Carcinogen
C(CCC(=O)O)CCN,Non-Carcinogen
C1=CC=C(C=C1)C2=CC=C(C=C2)N,Carcinogen
C1CCC(CC1)(CC(=O)O)CN,Carcinogen
C1=CC(=CC=C1N)N(CCO)CCO,Non-Carcinogen
C(CCCCCN)CCCCC(=O)O,Carcinogen
C(C(=O)O)C(CC(=O)[O-])(C(=O)[O-])O,Non-Carcinogen
CCC1(C(=O)NC(=O)NC1=O)CCC(C)C,Non-Carcinogen
CC(CC1=CC=CC=C1)N,Non-Carcinogen
CC1([C@@H](N2[C@H](S1)[C@@H](C2=O)NC(=O)[C@@H](C3=CC=CC=C3)N)C(=O)O)C,Non-Carcinogen
CCCCCN(C(=O)N)N=O,Carcinogen
C/C=C/C1=CC=C(C=C1)OC,Non-Carcinogen
C1=CC=C(C(=C1)NC2=NC(=NC(=N2)Cl)Cl)Cl,Non-Carcinogen
COC1=CC=CC=C1N,Carcinogen
COC1=CC=C(C=C1)N,Non-Carcinogen
C1=CC=C(C(=C1)C(=O)O)N,Non-Carcinogen
CC(COC1=CC=C(C=C1)C(C)(C)C)OS(=O)OCCCl,Carcinogen
COC1=CC=CC2=C3C(=C(C=C21)[N+](=O)[O-])C(=CC4=C3OCO4)C(=O)[O-],Carcinogen
C1=CC(=CC(=C1)Cl)C2=CC(=CC(=C2)Cl)Cl,Carcinogen
C1=CC(=C(C(=C1)Cl)Cl)C2=C(C=C(C=C2)Cl)Cl,Carcinogen
C1=CC(=C(C(=C1)Cl)Cl)C2=C(C(=C(C=C2)Cl)Cl)Cl,Carcinogen
C1=CC(=C(C(=C1C2=C(C(=C(C=C2)Cl)Cl)Cl)Cl)Cl)Cl,Carcinogen
C(C(C1C(=C(C(=O)O1)O)[O-])O)O,Non-Carcinogen
C([C@@H]([C@@H]1C(=C(C(=O)O1)O)O)O)O,Non-Carcinogen
COC(=O)[C@H](CC1=CC=CC=C1)NC(=O)[C@H](CC(=O)O)N,Non-Carcinogen
CC(=O)OC1=CC=CC=C1C(=O)O,Non-Carcinogen
COC1=CC=C(C=C1)CCN2CCC(CC2)NC3=NC4=CC=CC=C4N3CC5=CC=C(C=C5)F,Non-Carcinogen
CC(C)NCC(COC1=CC=C(C=C1)CC(=O)N)O,Non-Carcinogen
CCNC1=NC(=NC(=N1)Cl)NC(C)C,Carcinogen
CN1[C@@H]2CC[C@H]1CC(C2)OC(=O)C(CO)C3=CC=CC=C3,Non-Carcinogen
CN(C)C1=CC=C(C=C1)C(=N)C2=CC=C(C=C2)N(C)C,Carcinogen
C1=NC(=NC(=O)N1[C@H]2[C@@H]([C@@H]([C@H](O2)CO)O)O)N,Carcinogen
C1=NN(C(=O)N=C1N)[C@H]2[C@@H]([C@@H]([C@H](O2)CO)O)O,Non-Carcinogen
C([C@@H](C(=O)O)N)O/C(=C/[N+]#N)/[O-],Carcinogen
CN1C=NC(=C1SC2=NC=NC3=C2NC=N3)[N+](=O)[O-],Non-Carcinogen
CC1=C(C(C(=C(N1)N)C(=O)OC2CN(C2)C(C3=CC=CC=C3)C4=CC=CC=C4)C5=CC(=CC=C5)[N+](=O)[O-])C(=O)OC(C)C,Non-Carcinogen
COP(=S)(OC)SCN1C(=O)C2=CC=CC=C2N=N1,Non-Carcinogen
C1=CC=C(C=C1)N=NC2=CC=CC=C2,Carcinogen
CCCN=[N+](CCC)[O-],Carcinogen
CC(C)N=[N+](C(C)C)[O-],Carcinogen
CC1=CN(C(=O)NC1=O)[C@H]2C[C@@H]([C@H](O2)CO)N=[N+]=[N-],Carcinogen
CCC1(C(=O)NC(=NC1=O)[O-])CC,Carcinogen
C1C(=O)NC(=O)NC1=O,Non-Carcinogen
CCOCCC1=C(N=C(N2C1=NC=N2)N)C3=CC=CC=C3,Carcinogen
C1=CC(=CC=C1C(=O)O)N/N=C/2\C=CC(=O)C(=C2)C(=O)O,Non-Carcinogen
C1=CC=C(C=C1)C=O,Non-Carcinogen
C1=CC=CC=C1,Carcinogen
C1=CC(=CC=C1C2=CC=C(C=C2)N)N,Carcinogen
C1=CC=C2C3=C4C(=CC2=C1)C=CC5=C4C(=CC=C5)C=C3,Carcinogen
C1=CC=C(C=C1)C(=O)[O-],Non-Carcinogen
C1=CC=C2C(=C1)C=CO2,Carcinogen
C1=CC=C(C=C1)C2=NC(=NC(=N2)N)N,Non-Carcinogen
C1=CC=C(C=C1)C(=O)O,Non-Carcinogen
C1=CC=C(C=C1)C(C(=O)C2=CC=CC=C2)O,Non-Carcinogen
C1=CC2=NNN=C2C=C1,Non-Carcinogen
CC(=O)OCC1=CC=CC=C1,Non-Carcinogen
C1=CC=C(C=C1)CO,Non-Carcinogen
C1=CC=C(C=C1)CCl,Non-Carcinogen
C1=CC=C(C=C1)CC2=C(C=CC(=C2)Cl)O,Non-Carcinogen
C1=CC=C(C=C1)CN=C=S,Non-Carcinogen
C1=CC=C(C=C1)CSC#N,Non-Carcinogen
C1=CC=C(C=C1)C[N+]2=NOC(=C2CC(=O)N)[O-],Carcinogen
C1=CC=C(C=C1)C2=CC=CC=C2N,Non-Carcinogen
CC(CCl)OC(C)CCl,Non-Carcinogen
C(C(CBr)Br)OP(=O)([O-])OCC(CBr)Br,Carcinogen
C1=CC(=CC=C1OC2=C(C=C(C=N2)Cl)Cl)OC3=C(C=C(C=N3)Cl)Cl,Non-Carcinogen
C1=CC=C2C(=C1)C(=NC(=N2)C3=CC=C(S3)[N+](=O)[O-])N(CCO)CCO,Carcinogen
C1=CC=C2C(=C1)C(=NC(=N2)C3=CC=CS3)N(CCO)CCO,Non-Carcinogen
CC(CNCC(C)O)O,Non-Carcinogen
CC(C)(C1=CC=C(C=C1)O)C2=CC=C(C=C2)O,Non-Carcinogen
CC(=O)NC1=C2C(=C(C=C1)S(=O)(=O)[O-])C=C(/C(=N\NC3=C4C=C(C=CC4=C(C=C3)N=NC5=CC=C(C=C5)S(=O)(=O)[O-])S(=O)(=O)[O-])/C2=O)S(=O)(=O)[O-],Non-Carcinogen
C1=CC=C(C=C1)N/N=C/2\C(=CC3=CC(=C(C(=C3C2=O)N)N=NC4=CC=C(C=C4)C5=CC=C(C=C5)N=NC6=C(C=C(C=C6)N)N)S(=O)(=O)[O-])S(=O)(=O)[O-],Carcinogen
C1=CC(=CC=C1C2=CC=C(C=C2)N/N=C\3/C(=CC4=CC(=CC(=C4C3=O)N)S(=O)(=O)[O-])S(=O)(=O)[O-])N/N=C/5\C(=CC6=CC(=CC(=C6C5=O)N)S(=O)(=O)[O-])S(=O)(=O)[O-],Carcinogen
COC1=C(C=CC(=C1)C2=CC(=C(C=C2)N/N=C/3\C(=O)C4=C(C=C(C=C4C=C3S(=O)(=O)[O-])S(=O)(=O)[O-])N)OC)N/N=C/5\C(=O)C6=C(C=C(C=C6C=C5S(=O)(=O)[O-])S(=O)(=O)[O-])N,Carcinogen
C1=CC(=C2C(=C1N)C(=O)C3=C(C=CC(=C3C2=O)N)N)N,Carcinogen
CCN(CC1=CC(=CC=C1)S(=O)(=O)[O-])C2=CC=C(C=C2)C(=C3C=CC(=[N+](CC)CC4=CC(=CC=C4)S(=O)(=O)[O-])C=C3)C5=CC=CC=C5S(=O)(=O)[O-],Non-Carcinogen
C1=CC2=C(C=C1S(=O)(=O)[O-])C(=O)/C(=C\3/C(=O)C4=C(N3)C=CC(=C4)S(=O)(=O)[O-])/N2,Non-Carcinogen
CNC1=C(C=C(C=C1)N(CCO)CCO)[N+](=O)[O-],Carcinogen
C1=CC(=C(C=C1N(CCO)CCO)[N+](=O)[O-])NCCO,Non-Carcinogen
CC(C)C[C@H]1C(=O)N2CCC[C@H]2[C@]3(N1C(=O)[C@](O3)(C(C)C)NC(=O)[C@H]4CN([C@@H]5CC6=C(NC7=CC=CC(=C67)C5=C4)Br)C)O,Carcinogen
CCC[C@@H]1O[C@@H]2C[C@H]3[C@@H]4CCC5=CC(=O)C=C[C@@]5([C@H]4[C@H](C[C@@]3([C@@]2(O1)C(=O)CO)C)O)C,Carcinogen
CCCCOCCO,Non-Carcinogen
CC(C)(C)O,Carcinogen
CCCCCl,Non-Carcinogen
CCCCN(CCCCO)N=O,Carcinogen
CC(C)(C)C1=CC(=CC(=C1O)C(C)(C)C)CO,Non-Carcinogen
CC1=CC(=C(C=C1)O)C(C)(C)C,Non-Carcinogen
CCCCN(/C(=N/[N+](=O)[O-])/N)N=O,Non-Carcinogen
CCCCN(C(=O)N)N=O,Carcinogen
CC(C)(C)C1=C(C=CC(=C1)OC)O,Carcinogen
CC1=CC(=C(C(=C1)C(C)(C)C)O)C(C)(C)C,Non-Carcinogen
CC(C)(C)C1=CC(=C(C(=C1)C(C)(C)C)O)C(C)(C)C,Non-Carcinogen
CC(C)(C)C1=CC=C(C=C1)O,Non-Carcinogen
CCCCNC(=O)N,Non-Carcinogen
CC1CC(=O)O1,Carcinogen
C1CC(=O)OC1,Non-Carcinogen
C1=CC(=C(C=C1/C=C/C(=O)O)O)O,Carcinogen
CN1C=NC2=C1C(=O)N(C(=O)N2C)C,Non-Carcinogen
CN(C)C(=O)COC(=O)CC1=CC=C(C=C1)OC(=O)C2=CC=C(C=C2)N=C(N)N,Non-Carcinogen
CCOC1=NC2=CC=CC(=C2N1CC3=CC=C(C=C3)C4=CC=CC=C4C5=NNN=N5)C(=O)OC(C)OC(=O)OC6CCCCC6,Non-Carcinogen
C1CCC(=O)NCC1,Non-Carcinogen
C1C=CCC2C1C(=O)N(C2=O)SC(C(Cl)Cl)(Cl)Cl,Carcinogen
C1C=CCC2C1C(=O)N(C2=O)SC(Cl)(Cl)Cl,Carcinogen
CNC(=O)OC1=CC=CC2=CC=CC=C21,Carcinogen
C(C(=O)O)N(C(=O)N)N=O,Carcinogen
CCC(CC)(C(=O)NC(=O)N)Br,Non-Carcinogen
CC1=C(C(CCC1)(C)C)/C=C/C(=C/C=C/C(=C/C=C/C=C(/C=C/C=C(/C=C/C2=C(CCCC2(C)C)C)\C)\C)/C)/C,Non-Carcinogen
C1=CC=C(C(=C1)O)O,Carcinogen
CC1=CC=C(C=C1)C2=CC(=NN2C3=CC=C(C=C3)S(=O)(=O)N)C(F)(F)F,Non-Carcinogen
CCN(CC)C(=O)NC1=CC(=C(C=C1)OCC(CNC(C)(C)C)O)C(=O)C,Non-Carcinogen
C[C@@H]1O[C@]2(CN3CCC2CC3)CS1,Non-Carcinogen
C1=C(C=C(C(=C1N)Cl)C(=O)O)Cl,Non-Carcinogen
C1=CC(=CC=C1CCCC(=O)O)N(CCCl)CCCl,Carcinogen
C1=CC(=CC=C1[C@H]([C@@H](CO)NC(=O)C(Cl)Cl)O)[N+](=O)[O-],Non-Carcinogen
C1[C@H]2[C@@H]([C@H]([C@@H]1Cl)Cl)[C@@]3(C(=C(C2(C3(Cl)Cl)Cl)Cl)Cl)Cl,Non-Carcinogen
[C@@H]1([C@H]([C@@]2(C(=C([C@]1(C2(Cl)Cl)Cl)Cl)Cl)Cl)C(=O)O)C(=O)O,Carcinogen
CCC(CCC(C(CC(C(C(CCl)Cl)Cl)Cl)Cl)Cl)Cl,Carcinogen
CCCC(CCC(CCC(CCC(CCC(CCC(CCC(C)Cl)Cl)Cl)Cl)Cl)Cl)Cl,Non-Carcinogen
C1=CC(=CC=C1N)OC2=CC=C(C=C2)Cl,Carcinogen
C1(C(=C(C(=O)O1)Cl)C(Cl)Cl)O,Carcinogen
C[C@@H]1C[C@@H](CN(C1)S(=O)(=O)C2=CC(=C(C=C2)Cl)C(=O)O)C,Carcinogen
C1=CC(=C(C=C1[N+](=O)[O-])[N+](=O)[O-])Cl,Non-Carcinogen
CC(=C)CCl,Carcinogen
C1=CC=C(C(=C1)[N+](=O)[O-])Cl,Non-Carcinogen
C1=CC(=CC=C1[N+](=O)[O-])Cl,Non-Carcinogen
C1=CC(=C(C=C1N)N)Cl,Carcinogen
C1=CC(=C(C=C1Cl)N)N,Carcinogen
C1=CC(=C(C=C1N)Cl)N,Non-Carcinogen
CC(CCl)O,Non-Carcinogen
CC1=C(C=C(C=C1)N)Cl,Non-Carcinogen
CC1=C(C=C(C=C1)Cl)N,Non-Carcinogen
CC1=C(C=CC(=C1)Cl)N,Non-Carcinogen
CC1=C(C(=CC=C1)NC2=CC(=NC(=N2)SCC(=O)O)Cl)C,Carcinogen
CC1=C(C(=CC=C1)NC2=CC(=NC(=N2)SCC(=O)NCCO)Cl)C,Carcinogen
C1=CC=C(C=C1)C(=O)CCl,Non-Carcinogen
CC(=O)NC1=CC=C(C=C1)C(=O)CCl,Non-Carcinogen
C1=CC=C(C(=C1)C=C(C#N)C#N)Cl,Non-Carcinogen
C1=CC=C(C=C1)Cl,Carcinogen
CCOC(=O)C(C1=CC=C(C=C1)Cl)(C2=CC=C(C=C2)Cl)O,Non-Carcinogen
C[N+](C)(C)CCCl,Non-Carcinogen
CC(CNC(=O)N(C(C)Cl)N=O)O,Carcinogen
C1=CC=NC(=C1)CCl,Non-Carcinogen
C1=CC(=CN=C1)CCl,Carcinogen
CN(C)C(=O)NC1=CC=C(C=C1)Cl,Carcinogen
CC1C2=NN=C(N2C3=C(C=C(S3)CCC4=CC=C(C=C4)CC(C)C)C(=N1)C5=CC=CC=C5Cl)C,Non-Carcinogen
C#CC(C1=CC=CC=C1)(C2=CC=C(C=C2)Cl)OC(=O)N,Carcinogen
C1=CC(=CC=C1SC2=CC(=C(C=C2Cl)Cl)Cl)Cl,Non-Carcinogen
C(#N)C1=C(C(=C(C(=C1Cl)Cl)Cl)C#N)Cl,Carcinogen
C(CCl)N(C(=O)N[C@@H]1[C@H]([C@@H]([C@H](O[C@@H]1O)CO)O)O)N=O,Carcinogen
C[NH+](C)CCC(C1=CC=C(C=C1)Cl)C2=CC=CC=N2,Non-Carcinogen
CCCNC(=O)NS(=O)(=O)C1=CC=C(C=C1)Cl,Non-Carcinogen
C[N+](C)(C)CCO,Non-Carcinogen
C1=CC2=C(C(=C1)O)C(=O)C3=C(C2=O)C=CC=C3O,Carcinogen
CC1=C(N=CN1)CSCCNC(=NC)NC#N,Non-Carcinogen
C1=CC=C(C=C1)/C=C/C=O,Non-Carcinogen
C1=CC=C(C=C1)/C=C/COC(=O)C2=CC=CC=C2N,Carcinogen
CC(C)(C(=O)O)OC1=CC=C(C=C1)C2CC2(Cl)Cl,Carcinogen
CC(=CCC/C(=C/C=O)/C)C,Non-Carcinogen
C(C(=O)O)C(CC(=O)O)(C(=O)O)O,Non-Carcinogen
C[C@H]1[C@@H](OC=C2C1=C(C(=C(C2=O)C(=O)O)O)C)C,Carcinogen
C[C@H]1/C=C(\C(=O)O[C@@H]2CC[N+]3(C2(C(=CC3)COC(=O)[C@@]1(C)OC(=O)C)[O-])C)/C=C,Carcinogen
CC(C)(C(=O)O)OCC1=CC=C(C=C1)C2=CC=C(C=C2)Cl,Non-Carcinogen
CCOC(=O)C(C)(C)OC1=CC=C(C=C1)Cl,Carcinogen
C1=CC(=C(C=C1[N+](=O)[O-])Cl)NC(=O)C2=C(C=CC(=C2)Cl)O,Non-Carcinogen
C1=CC(=CC(=C1)Cl)C2=CC(=CC=C2)Cl,Carcinogen
CN1CC[C@]23[C@@H]4[C@H]1CC5=C2C(=C(C=C5)OC)O[C@H]3[C@H](C=C4)O,Non-Carcinogen
CN[C@H]1CCC2=CC(=C(C(=C2C3=CC=C(C(=O)C=C13)OC)OC)OC)OC,Non-Carcinogen
CC1=CC2=C(C=C1)C(=NC(=O)N2C(C)C)C3=CC(=CC=C3)O,Non-Carcinogen
CCOP(=S)(OCC)OC1=CC2=C(C=C1)C(=C(C(=O)O2)Cl)C,Non-Carcinogen
C1=CC=C2C(=C1)C=CC(=O)O2,Carcinogen
CC1=C(C=CC(=C1)OC)N,Carcinogen
CC1=CC(=C(C=C1)OC)N,Carcinogen
C/C=C/C=O,Carcinogen
C1=CC=C(C=C1)N(N=O)[O-],Carcinogen
CCNC1=NC(=NC(=N1)Cl)NC(C)(C)C#N,Carcinogen
C1CCC(CC1)NS(=O)(=O)[O-],Non-Carcinogen
C1=CN2[C@H]3[C@H]([C@@H]([C@H](O3)CO)O)OC2=NC1=N,Non-Carcinogen
C1CCC(=O)CC1,Non-Carcinogen
C1CCC(CC1)N,Non-Carcinogen
C1CCC(=NO)C1,Carcinogen
COC1=C(C=C(C=C1)C(=O)NC2=C(C=NC=C2Cl)Cl)OC3CCCC3,Carcinogen
C1CNP(=O)(OC1)N(CCCl)CCCl,Carcinogen
C([C@@H](C(=O)O)N)S,Non-Carcinogen
COC1=CC=C(C=C1)C(=O)/C(=C\C(=O)[O-])/Br,Carcinogen
CN(C)N/N=C\1/C(=NC=N1)C(=O)N,Carcinogen
CN(C)NC(=O)CCC(=O)O,Carcinogen
C1=CC(=CC=C1N)S(=O)(=O)C2=CC=C(C=C2)N,Carcinogen
C1=CC(=CC=C1C(C2=CC=C(C=C2)Cl)C(Cl)Cl)Cl,Non-Carcinogen
C1=CC(=CC=C1C(=C(Cl)Cl)C2=CC=C(C=C2)Cl)Cl,Non-Carcinogen
C1=CC(=CC=C1C(C2=CC=C(C=C2)Cl)C(Cl)(Cl)Cl)Cl,Carcinogen
CC1=N[C@@]2([C@H](O1)C[C@@H]3[C@@]2(C[C@@H]([C@H]4[C@H]3CCC5=CC(=O)C=C[C@]45C)O)C)C(=O)COC(=O)C,Carcinogen
C[C@]12CC[C@H]3[C@H]([C@@H]1CCC2=O)CC=C4[C@@]3(CC[C@@H](C4)O)C,Carcinogen
CC(=O)O[C@H]1CC[C@@]2([C@H]3CC[C@]4([C@H]([C@@H]3CC=C2C1)CCC4=O)C)C,Carcinogen
CC1([C@H]([C@H]1C(=O)O[C@H](C#N)C2=CC(=CC=C2)OC3=CC=CC=C3)C=C(Br)Br)C,Non-Carcinogen
CO[C@H]1[C@@H](C[C@@H]2CN3CCC4=C([C@H]3C[C@@H]2[C@@H]1C(=O)OC)NC5=CC=CC=C45)OC(=O)C6=CC(=C(C(=C6)OC)OC)OC,Non-Carcinogen
C[C@@H]1C[C@H]2[C@@H]3CCC4=CC(=O)C=C[C@@]4([C@]3([C@H](C[C@@]2([C@]1(C(=O)CO)O)C)O)F)C,Non-Carcinogen
CC(=O)N(C1=CC=CC2=C1CC3=CC=CC=C32)C(=O)C,Carcinogen
C=CCOC(=O)C1=CC=CC=C1C(=O)OCC=C,Non-Carcinogen
C=CCN(CC=C)N=O,Carcinogen
C1=C(OC(=C1)[N+](=O)[O-])C2=NC(=NC(=N2)N)N,Carcinogen
C1=CC(=C(C=C1N)S(=O)(=O)[O-])/C=C/C2=C(C=C(C=C2)N)S(=O)(=O)[O-],Non-Carcinogen
COC1=C(C=C(C=C1)N)N,Carcinogen
C1=CC(=C(C=C1N)N)O,Non-Carcinogen
CC1=C(C=C(C=C1)N)N,Carcinogen
CC1=C(C=CC=C1N)N,Non-Carcinogen
CC1=C(C=CC(=C1)N)N,Non-Carcinogen
CN1C(=O)CN=C(C2=C1C=CC(=C2)Cl)C3=CC=CC=C3,Non-Carcinogen
CCOP(=S)(OCC)OC1=NC(=NC(=C1)C)C(C)C,Non-Carcinogen
C1=CC(=C(C=C1CCN)[N+]#N)[O-],Carcinogen
C1=CC=C2C(=C1)OC3=CC=CC=C3O2,Non-Carcinogen
C1=CC=C2C(=C1)C3=C(O2)C=C(C=C3)N,Carcinogen
CC1=NC=C(C(=N1)N)CN(C=O)/C(=C(/CCOC(=O)C2=CC=CC=C2)\SC(=O)C3=CC=CC=C3)/C,Non-Carcinogen
C(C(CBr)Br)Cl,Carcinogen
C([C@H]([C@@H]([C@@H]([C@H](CBr)O)O)O)O)Br,Carcinogen
C([C@@H]([C@H]([C@@H]([C@H](CBr)O)O)O)O)Br,Carcinogen
C1=CC2=C(C=C(C=C2N=C1)Br)Br,Non-Carcinogen
CCCCNC(=O)N(CCCC)N=O,Carcinogen
CCCC[Sn](CCCC)(OC(=O)C)OC(=O)C,Non-Carcinogen
C1=C(C=C(C(=C1Cl)N)Cl)N,Non-Carcinogen
C1=CC=C(C(=C1)Cl)Cl,Non-Carcinogen
C1=CC(=CC=C1Cl)Cl,Carcinogen
C1=CC(=C(C=C1C2=CC(=C(C=C2)N)Cl)Cl)N,Carcinogen
C(/C=C/CCl)Cl,Carcinogen
C1=CC2=C(C=C1Cl)OC3=C(O2)C=C(C=C3)Cl,Non-Carcinogen
C1=CC(=CC=C1S(=O)(=O)C2=CC=C(C=C2)Cl)Cl,Non-Carcinogen
C1=CC(=C(C=C1Cl)Cl)O,Non-Carcinogen
C1=CC(=C(C=C1Cl)Cl)OCC(=O)O,Non-Carcinogen
CC(CCl)Cl,Non-Carcinogen
COP(=O)(OC)OC=C(Cl)Cl,Carcinogen
C1=CC(=CC=C1C(C2=CC=C(C=C2)Cl)(C(Cl)(Cl)Cl)O)Cl,Non-Carcinogen
C1CCC(CC1)NC(=S)NC2CCCCC2,Non-Carcinogen
C1C2C3CC4C(C3C1C5C2O5)O4,Non-Carcinogen
C1[C@@H]2[C@H]3[C@@H]([C@H]1[C@H]4[C@@H]2O4)[C@]5(C(=C([C@@]3(C5(Cl)Cl)Cl)Cl)Cl)Cl,Non-Carcinogen
C12C3C(C4C1C5(C(C3(C4(C5(Cl)Cl)Cl)Cl)Cl)Cl)C6C2O6,Non-Carcinogen
C1C(O1)C2CO2,Non-Carcinogen
CCN(CC)C1=CC=C(C=C1)N=NC2=CC=[N+](C=C2)[O-],Carcinogen
CCN(CC)C(=O)C1=CC(=CC=C1)C,Non-Carcinogen
CCOP(=S)(OCC)OC1=NC(=C(C=C1Cl)Cl)Cl,Non-Carcinogen
CCN(CC)C(=O)C,Carcinogen
CCC(CC)C(=O)NC(=O)N,Non-Carcinogen
CCN(CC)CC#CC(C)(C)OC(=O)C(C1CCCCC1)(C2=CC=CC=C2)O,Non-Carcinogen
C(COCCO)O,Carcinogen
CCN(CC)C=O,Non-Carcinogen
CCOC(=O)/C=C\C(=O)OCC,Non-Carcinogen
CC/C(=C(/CC)\C1=CC=C(C=C1)O)/C2=CC=C(C=C2)O,Carcinogen
CCNC(=S)NCC,Carcinogen
C(CC(C(F)F)(C(=O)O)N)CN,Non-Carcinogen
C1C(O1)COC2=CC(=CC=C2)OCC3CO3,Carcinogen
C1N=C(NC(=O)N1[C@H]2[C@@H]([C@@H]([C@H](O2)CO)O)O)N,Non-Carcinogen
C1=CC=C2C(=C1)C(=O)NC(N2)C3=CC=C(S3)[N+](=O)[O-],Carcinogen
C1C=CCON1N=O,Carcinogen
C1CC(=O)OC2=CC=CC=C21,Carcinogen
CCCC1=CC2=C(C=C1)OCO2,Carcinogen
C[C@H](CC[C@H](C(C)(C)O)O)[C@H]1CC[C@@H]\2[C@@]1(CCC/C2=C\C=C/3\C[C@H](CCC3=C)O)C,Non-Carcinogen
CC(C)CCCCCCOC(=O)C1=CC=CC=C1C(=O)OCCCCCCC(C)C,Carcinogen
C[C@H](CCC1=CC=CC=C1)NC[C@@H](C2=CC(=C(C=C2)O)C(=O)N)O,Non-Carcinogen
CC1(C(=O)NC(=O)O1)C,Non-Carcinogen
CNC(=O)CSP(=S)(OC)OC,Non-Carcinogen
COC1=CC(=C(C=C1)OC)/C=C/C2=CC=C(C=C2)N,Carcinogen
COC1=CC(=C(C=C1)N)OC,Non-Carcinogen
COC1=C(C=CC(=C1)C2=CC(=C(C=C2)N=C=O)OC)N=C=O,Carcinogen
COC1=C(C=CC(=C1)C2=CC(=C(C=C2)N)OC)N,Carcinogen
COC1=CC(=C2C3=C(CCC3)C(=O)OC2=C1)OC,Non-Carcinogen
COC1=CC(=C2C(=C1)OC(=O)C3=C2C(=O)CC3)OC,Non-Carcinogen
COC1=CC(=C2C3=C(C(=O)CC3)C(=O)OC2=C1)OC,Non-Carcinogen
COC1=C(C2=C(C(=C1)O)C(=O)C3=C(C=C4C(=C3O2)C5C=COC5O4)OC)OC,Carcinogen
CC(=O)NCCSP(=S)(OC)OC,Non-Carcinogen
CN(C)C1=CC=C(C=C1)N=NC2=CC=CC=C2,Carcinogen
CN(C(=O)C1=CC=CC=C1C(=O)N(C)N=O)N=O,Non-Carcinogen
COP(=O)(C)OC,Carcinogen
COP(=O)(N1CCOCC1)OC,Carcinogen
CC1=CC(=NC(=N1)C2=CC=C(O2)[N+](=O)[O-])C,Carcinogen
CC1=NC=C(N1C)[N+](=O)[O-],Carcinogen
COC(=O)C1=CC=C(C=C1)C(=O)OC,Non-Carcinogen
CC(=O)N(C)C,Non-Carcinogen
CC[C@@H](C(C[C@H](C)N(C)C)(C1=CC=CC=C1)C2=CC=CC=C2)OC(=O)C,Carcinogen
CCC(=O)C(CC(C)N(C)C)(C1=CC=CC=C1)C2=CC=CC=C2,Non-Carcinogen
CN(C)CNC1=NN=C(O1)/C=C/C2=CC=C(O2)[N+](=O)[O-],Carcinogen
CC[NH2+]C(=O)N(CCN(C)C)N=O,Carcinogen
CC1=C(C(=CC=C1)C)N,Non-Carcinogen
CN(C)C1=CC=CC=C1,Carcinogen
CC1(C(=O)NC(=O)NC1=O)C,Non-Carcinogen
CC1=C(C=CC(=C1)C2=CC(=C(C=C2)N)C)N,Carcinogen
CCCCCCCCCCCC[N+](C)(C)[O-],Non-Carcinogen
CN(C)C=O,Non-Carcinogen
CN(C)NC1=NC(=CS1)C2=CC=C(O2)[N+](=O)[O-],Carcinogen
CNC(=S)NC,Non-Carcinogen
CC(=CCl)C,Carcinogen
CC(C)(C)C1=CC(=CC(=C1OS(=O)(=O)C)[N+](=O)[O-])[N+](=O)[O-],Non-Carcinogen
CN1C=NC(=C1C(=O)N(C)N=O)N(C)N=O,Carcinogen
C1CN(CCN(C1)N=O)N=O,Carcinogen
C1N2CN(CN1CN(C2)N=O)N=O,Non-Carcinogen
CC1=C(C=CC=C1[N+](=O)[O-])[N+](=O)[O-],Carcinogen
C1COCCO1,Carcinogen
CCOP(=S)(OCC)SC1C(OCCO1)SP(=S)(OCC)OCC,Non-Carcinogen
CCCCCN(CCCCC)N=O,Carcinogen
CN(C)CCOC(C1=CC=CC=C1)C2=CC=CC=C2,Non-Carcinogen
C1=CC=C(C=C1)NC2=CC=C(C=C2)NC3=CC=CC=C3,Non-Carcinogen
C1=CC=C(C=C1)C2(C(=O)NC(=O)N2)C3=CC=CC=C3,Non-Carcinogen
CCCN(CCC)C1=CC=C(C=C1)N=NC2=CC=[N+](C=C2)[O-],Non-Carcinogen
CCC(O)OC(CC)O,Non-Carcinogen
CC1=C(C(=O)N(N1C)C2=CC=CC=C2)N(C)CS(=O)(=O)[O-],Non-Carcinogen
C1=NC(=O)C2=C(N1)N(C=N2)[C@H]3[C@@H]([C@@H]([C@H](O3)COP(=O)([O-])[O-])O)O,Non-Carcinogen
CCCCCCCCCCCCC(=O)COC1=C(C(=O)O[C@@H]1[C@H](CO)O)O,Non-Carcinogen
C1=CC(=C(C=C1CC(C(=O)O)N)O)O,Non-Carcinogen
C1=CC(=C(C=C1CCN)O)O,Non-Carcinogen
C1=CC=C(C(=C1)C2=NC(C(=O)N(C3=C2C=C(C=C3)Cl)CCO)O)F,Non-Carcinogen
CC(C1=CC=CC=C1)(C2=CC=CC=N2)OCCN(C)C,Carcinogen
C(CN(CC(=O)[O-])CC(=O)[O-])N(CC(=O)O)CC(=O)[O-],Non-Carcinogen
CC1=C(C(C(=C(N1)C)P2(=O)OCC(CO2)(C)C)C3=CC(=CC=C3)[N+](=O)[O-])C(=O)OCCN(CC4=CC=CC=C4)C5=CC=CC=C5,Non-Carcinogen
C1=C2C3=C(C(=C1O)O)OC(=O)C4=CC(=C(C(=C43)OC2=O)O)O,Non-Carcinogen
CC1=CC(=C2C(=C1)C(=O)C3=CC(=CC(=C3C2=O)O)O)O,Non-Carcinogen
C1C2C(COS(=O)O1)C3(C(=C(C2(C3(Cl)Cl)Cl)Cl)Cl)Cl,Non-Carcinogen
C1[C@@H]2[C@@H]3[C@H]([C@H]1[C@H]4[C@@H]2O4)[C@@]5(C(=C([C@]3(C5(Cl)Cl)Cl)Cl)Cl)Cl,Non-Carcinogen
C[C@@H]([C@@H](C1=CC=CC=C1)O)NC,Non-Carcinogen
C1C(O1)CCl,Carcinogen
CCC1CO1,Carcinogen
C([C@H]([C@@H]1C(=C(C(=O)O1)O)O)O)[O-],Non-Carcinogen
CC[C@@H]1[C@@]([C@@H]([C@H](C(=O)[C@@H](C[C@@]([C@@H]([C@H]([C@@H]([C@H](C(=O)O1)C)O[C@H]2C[C@@]([C@H]([C@@H](O2)C)O)(C)OC)C)O[C@H]3[C@@H]([C@H](C[C@H](O3)C)[NH+](C)C)O)(C)O)C)C)O)(C)O,Non-Carcinogen
C1C2=NN=CN2C3=C(C=C(C=C3)Cl)C(=N1)C4=CC=CC=C4,Non-Carcinogen
C[C@]12CC[C@H]3[C@H]([C@@H]1CC[C@@H]2OC(=O)CC4=CC=C(C=C4)N(CCCl)CCCl)CCC5=C3C=CC(=C5)OC(=O)CC6=CC=C(C=C6)N(CCCl)CCCl,Non-Carcinogen
C[C@]12CC[C@H]3[C@H]([C@@H]1CC[C@]2(C#C)O)CCC4=C3C=CC(=C4)O,Carcinogen
CCC1=NC=CC(=C1)C(=S)N,Non-Carcinogen
CCSCC[C@@H](C(=O)O)N,Carcinogen
CCSCCC(C(=O)O)N,Carcinogen
CCOC1=CC=C(C=C1)NC(=O)N,Carcinogen
CCOC1=CC2=C(C=C1)NC(C=C2C)(C)C,Non-Carcinogen
CCOC(=O)C=C,Carcinogen
CCN=[N+](CC)[O-],Carcinogen
CC[N+](=NC)[O-],Carcinogen
CCSC[C@@H](C(=O)O)N,Non-Carcinogen
CCC1=CC=C(C=C1)C(C2=CC=C(C=C2)CC)C(Cl)Cl,Non-Carcinogen
CCOC(=O)C1C(O1)(C)C2=CC=CC=C2,Non-Carcinogen
CCN(C(=O)N)N=O,Carcinogen
CCOC1=C(C(=O)O[C@@H]1[C@H](CO)O)O,Non-Carcinogen
CCC1=CC=CC=C1,Carcinogen
C1CNC(=S)N1,Carcinogen
C1CC2C(O2)CC1C3CO3,Non-Carcinogen
CCCCC(CC)CO,Non-Carcinogen
CCCCC(CC)COC(=O)CCCCC(=O)OCC(CC)CCCC,Non-Carcinogen
CCCCC(CC)COC(=O)C1=CC=CC=C1C(=O)OCC(CC)CCCC,Carcinogen
CCN(C(=O)NCCO)N=O,Carcinogen
CCN(C(=O)NCC(=O)C)N=O,Carcinogen
CCN(C#N)N=O,Carcinogen
CCC(C1=CC=CC=C1)C(=O)NC(=O)N,Non-Carcinogen
CC(=O)O[C@H]1CC[C@@H]2[C@H]3CC[C@]4([C@H]([C@@H]3CCC2=C1)CC[C@]4(C#C)OC(=O)C)C,Non-Carcinogen
CCC1=CC=CC2=C1NC3=C2CCOC3(CC)CC(=O)O,Non-Carcinogen
COC1=C(C=CC(=C1)CC=C)O,Non-Carcinogen
C1CC(N2C=NC=C2C1)C3=CC=C(C=C3)C#N,Non-Carcinogen
CN(C)C1=CC=C(C=C1)N=NS(=O)(=O)[O-],Non-Carcinogen
CC1=C(C=CC(=C1)OP(=S)(OC)OC)SC,Non-Carcinogen
CC(C)C(C1=CC=C(C=C1)Cl)C(=O)OC(C#N)C2=CC(=CC=C2)OC3=CC=CC=C3,Non-Carcinogen
C1CCNC(C1)CNC(=O)C2=C(C=CC(=C2)OCC(F)(F)F)OCC(F)(F)F,Non-Carcinogen
C1=CC(=C(C=C1F)F)C(CN2C=NC=N2)(CN3C=NC=N3)O,Carcinogen
CN(C)C(=O)NC1=CC=CC(=C1)C(F)(F)F,Non-Carcinogen
C1C2=CC=CC=C2C3=C1C=C(C=C3)NC(=O)C(F)(F)F,Carcinogen
CC(=O)NC1=CC=C(C=C1)C2=CC=C(C=C2)F,Carcinogen
C(CF)N(C(=O)N)N=O,Carcinogen
C1=C(C(=O)NC(=O)N1)F,Non-Carcinogen
CNCCC(C1=CC=CC=C1)OC2=CC=C(C=C2)C(F)(F)F,Non-Carcinogen
CC(C)N1C2=CC=CC=C2C(=C1/C=C/[C@H](C[C@H](CC(=O)O)O)O)C3=CC=C(C=C3)F,Carcinogen
C1=COC(=C1)C2=CSC(=N2)NNC=O,Non-Carcinogen
CC1=CSC(=N1)NNC=O,Carcinogen
C1=C(OC(=C1)[N+](=O)[O-])C2=CSC(=N2)NNC=O,Carcinogen
CCCC[C@H](C)[C@H]([C@@H](C[C@H](C)C[C@H](CCCC[C@H](C[C@@H]([C@H](C)N)O)O)O)OC(=O)C[C@H](CC(=O)O)C(=O)O)OC(=O)C[C@H](CC(=O)O)C(=O)O,Carcinogen
C1=COC(=C1)/C=N/NC(=O)N,Non-Carcinogen
C1=COC=C1,Carcinogen
C1=COC(=C1)C=O,Carcinogen
C1=COC(=C1)CO,Carcinogen
C1=COC(=C1)CNC2=CC(=C(C=C2C(=O)O)S(=O)(=O)N)Cl,Non-Carcinogen
CC1=CC2[C@@](C(C1=O)O)([C@]3([C@@H]([C@H](C([C@@]34CO4)O2)O)OC(=O)C)C)CO,Non-Carcinogen
C1=C(C=C(C(=C1O)O)O)C(=O)O,Non-Carcinogen
CC(C)(CCCCCCC(C)(C)CO)CO,Non-Carcinogen
CC1=CC(=C(C=C1)C)OCCCC(C)(C)C(=O)O,Carcinogen
CC(=CCC/C(=C/COC(=O)C)/C)C,Non-Carcinogen
CC1=CC=CN2C1=NC3=C2N=C(C=C3)N,Carcinogen
C1=CC2=NC3=C(N2C=C1)N=C(C=C3)N,Carcinogen
C(CC=O)CC=O,Non-Carcinogen
C(C(CCl)O)O,Non-Carcinogen
C1C(O1)C=O,Non-Carcinogen
C1C(O1)CO,Carcinogen
C[C@]12CC[C@](C[C@H]1C3=CC(=O)[C@@H]4[C@]5(CC[C@@H](C([C@@H]5CC[C@]4([C@@]3(CC2)C)C)(C)C)O)C)(C)C(=O)O,Non-Carcinogen
CCN(CC1=CC(=CC=C1)S(=O)(=O)[O-])C2=CC=C(C=C2)C(=C3C=CC(=[N+](CC)CC4=CC(=CC=C4)S(=O)(=O)[O-])C=C3)C5=CC=CC=C5,Carcinogen
CCN(CC1=CC(=CC=C1)S(=O)(=O)[O-])C2=CC=C(C=C2)C(=C3C=CC(=[N+](CC)CC4=CC(=CC=C4)S(=O)(=O)[O-])C=C3)C5=CC=C(C=C5)S(=O)(=O)[O-],Carcinogen
CCN(CC1=CC(=CC=C1)S(=O)(=O)[O-])C2=CC=C(C=C2)C(=C3C=CC(=[N+](CC)CC4=CC(=CC=C4)S(=O)(=O)[O-])C=C3)C5=C(C=C(C=C5)O)S(=O)(=O)[O-],Non-Carcinogen
C1=C2C(=C(C(=C1Cl)Cl)Cl)OC3=C(C(=C(C=C3O2)Cl)Cl)Cl,Carcinogen
C1C2=CC(=C(C=C2[C@@H]3[C@]1(COC4=C3C=CC(=C4O)O)O)O)O,Carcinogen
C1=CC(C2C1C3(C(=C(C2(C3(Cl)Cl)Cl)Cl)Cl)Cl)Cl,Non-Carcinogen
C1CCCNCCC1,Non-Carcinogen
CCCCCCCN,Non-Carcinogen
C1(=C(C(=C(C(=C1Cl)Cl)Cl)Cl)Cl)Cl,Carcinogen
C(=C(Cl)Cl)(C(=C(Cl)Cl)Cl)Cl,Carcinogen
C1(=C(C(C(=C1Cl)Cl)(Cl)Cl)Cl)Cl,Non-Carcinogen
C1=C(C(=C(C(=C1Cl)Cl)CC2=C(C(=CC(=C2Cl)Cl)Cl)O)O)Cl,Non-Carcinogen
C/C=C/C=C/C=O,Carcinogen
C1N2CN3CN1CN(C2)C3,Non-Carcinogen
C(N(CO)C1=NC(=NC(=N1)N(CO)CO)N(CO)CO)O,Carcinogen
CN(C)P(=O)(N(C)C)N(C)C,Carcinogen
CCCCCC(=O)N,Non-Carcinogen
CCCCCC,Non-Carcinogen
CCCCCCOC1=C(C(=C(C(=C1)C)O)C)C,Non-Carcinogen
CCCCCCN(C(=O)N)N=O,Carcinogen
CCCCCCC1=C(C=C(C=C1)O)O,Non-Carcinogen
C1=C(NC=N1)C[C@@H](C(=O)O)N,Non-Carcinogen
C1=CC(=CC=C1C2=CSC(=N2)NN)N,Carcinogen
C1=C(OC(=C1)[N+](=O)[O-])C2=CSC(=N2)NN,Carcinogen
C1=CC(=CC=C1C2=CSC(=N2)NN)[N+](=O)[O-],Carcinogen
C1=CC=C(C=C1)C2=CSC(=N2)NN,Non-Carcinogen
C1=CC=C(C=C1)NNC2=CC=CC=C2,Carcinogen
C1NC2=CC(=C(C=C2S(=O)(=O)N1)S(=O)(=O)N)Cl,Non-Carcinogen
C[C@]12CCC(=O)C=C1CC[C@@H]3[C@@H]2[C@H](C[C@]4([C@H]3CC[C@@]4(C(=O)CO)O)C)O,Non-Carcinogen
C1=CC(=CC=C1O)O,Carcinogen
CC(=O)NC1=C(C=C(C=C1)C2=CC=CC=C2)O,Non-Carcinogen
CC(=O)N(C1=CC2=C(C=C1)C3=CC=CC=C3C2)O,Carcinogen
C1=CC=C(C=C1)C2=CC(=C(C=C2)N)O,Non-Carcinogen
C1=CC=C2C(=C1)C(=O)C3=C(C2=O)C(=CC=C3)O,Carcinogen
C1CN(C(=O)N1CCO)/N=C/C2=CC=C(O2)[N+](=O)[O-],Carcinogen
CCNC(=O)N(CCO)N=O,Carcinogen
C(CO)N(C(=O)N)N=O,Carcinogen
C1=CC=C2C(=C1)C(=NC(=N2)C3=CC=C(S3)[N+](=O)[O-])NCCO,Carcinogen
C(CN(C(=O)N)N=O)CO,Carcinogen
C1=CC2=C(C(=C1)O)N=CC=C2,Non-Carcinogen
C=CC(C1=CC2=C(C=C1)OCO2)O,Carcinogen
CC(C)CC1=CC=C(C=C1)C(C)C(=O)O,Non-Carcinogen
CC(CN1CC(=O)NC(=O)C1)N2CC(=O)NC(=O)C2,Carcinogen
C1=CN(N=C1NC(=NCC(F)(F)F)N)CCCCC(=O)N,Carcinogen
CS(=O)(=O)OCCCNCCCOS(=O)(=O)C,Non-Carcinogen
C(C(=O)O)NCC(=O)[O-],Non-Carcinogen
CC1(C2=C(C=CC(=C2)C3=NNC(=O)CC3)NC1=O)C,Carcinogen
CC1=C(C2=C(N1C(=O)C3=CC=C(C=C3)Cl)C=CC(=C2)OC)CC(=O)O,Carcinogen
CC(C1OCC(O1)CO)I,Carcinogen
CCN(CC)CCCNC(=O)CN1C(=C(C=N1)C2=CC=CC=C2)C3=CC=CC=C3,Non-Carcinogen
CN1C2=C(C3=C(C=C2)N=CC=C3)N=C1N,Carcinogen
C1=CC(=C(C=C1Cl)C2=NC(=NC(=N2)N)N)Cl,Non-Carcinogen
C/C=C\1/C[C@H]([C@@](C(=O)OCC2=CC[N+]3([C@H]2[C@@H](CC3)OC1=O)[O-])(CO)O)C,Carcinogen
CC(=C)C,Carcinogen
CC(C)CON=O,Carcinogen
CC(C)CN(/C(=N/[N+](=O)[O-])/N)N=O,Non-Carcinogen
CC(C)C=O,Non-Carcinogen
COC1=C(C=CC(=C1)S(=O)C)C2=NC3=C(N2)C=NC=C3,Carcinogen
C1=CN=CC=C1C(=O)NN,Carcinogen
CC1=CC(=O)CC(C1)(C)C,Carcinogen
C1CN(P(=O)(OC1)NCCCl)CCCl,Carcinogen
CC(=C)C=C,Carcinogen
CC(C)O,Non-Carcinogen
CC(C)OC(=O)NC1=CC(=CC=C1)Cl,Non-Carcinogen
CC[C@H](C)[C@@H]1[C@H](CC[C@@]2(O1)C[C@@H]3C[C@H](O2)C/C=C(/[C@H]([C@H](/C=C/C=C/4\CO[C@H]5[C@@]4([C@@H](C=C([C@H]5O)C)C(=O)O3)O)C)O[C@H]6C[C@@H]([C@H]([C@@H](O6)C)O[C@H]7C[C@@H]([C@H]([C@@H](O7)C)O)OC)OC)\C)C,Non-Carcinogen
C[C@@H]1C/C=C/C=C/[C@@H]([C@@H](C[C@@H]([C@@H](C([C@@H](CC(=O)O1)OC(=O)C)OC)O[C@H]2[C@@H]([C@H]([C@@H]([C@H](O2)C)O[C@H]3C[C@@]([C@@H]([C@@H](O3)C)OC(=O)CC(C)C)(C)O)N(C)C)O)CC=O)C)O,Non-Carcinogen
C1=CC(=CC=C1C2=C(C(=O)C3=C(C=C(C=C3O2)O)O)O)O,Non-Carcinogen
C1=C(C=C(C=C1Cl)Cl)C2=CC(=CC(=C2)Cl)Cl,Non-Carcinogen
C1(=O)C2(C3(C4(C1(C5(C2(C3(C(C45Cl)(Cl)Cl)Cl)Cl)Cl)Cl)Cl)Cl)Cl,Carcinogen
CC(C1=CC=CC(=C1)C(=O)C2=CC=CC=C2)C(=O)O,Non-Carcinogen
C/C=C(/C)\C(=O)O[C@H]1CCN2[C@@H]1C(=CC2)COC(=O)[C@]([C@H](C)OC)(C(C)(C)O)O,Carcinogen
CC(C)(C)NC[C@@H](COC1=CC=CC2=C1CCCC2=O)O,Non-Carcinogen
CC1=CC[C@@H](CC1)C(=C)C,Carcinogen
C[C@H](CCC(=O)O)[C@H]1CC[C@@H]2[C@@]1(CC[C@H]3[C@H]2CC[C@H]4[C@@]3(CC[C@H](C4)O)C)C,Non-Carcinogen
CC(C1=NCCN1)OC2=C(C=CC=C2Cl)Cl,Non-Carcinogen
C1=CC=C2C(=C1)C(=NN2CC3=C(C=C(C=C3)Cl)Cl)C(=O)O,Non-Carcinogen
CN1C(=C(C2=C(S1(=O)=O)C=C(S2)Cl)O)C(=O)NC3=CC=CC=N3,Non-Carcinogen
CC[C@H](C)C(=O)O[C@H]1C[C@H](C=C2[C@H]1[C@H]([C@H](C=C2)C)CC[C@@H]3C[C@H](CC(=O)O3)O)C,Non-Carcinogen
CN1C(=NC(=N1)CO)NCCCOC2=CC=CC(=C2)CN3CCCCC3,Carcinogen
CC1=NC=C(C=C1)CC2=CN=C(NC2=O)NCCSCC3=CC=C(O3)CN(C)C,Carcinogen
CCOC(=O)CC(C(=O)OCC)SP(=O)(OC)OC,Non-Carcinogen
CCOC(=O)CC(C(=O)OCC)SP(=S)(OC)OC,Non-Carcinogen
C1=CC(=O)NNC1=O,Non-Carcinogen
C(=C/[O-])\C=O,Carcinogen
C(CNC(=S)[S-])NC(=S)[S-],Carcinogen
CC1=C(C(C(=C(N1)C)C(=O)OCCN2CCN(CC2)C(C3=CC=CC=C3)C4=CC=CC=C4)C5=CC(=CC=C5)[N+](=O)[O-])C(=O)OC,Non-Carcinogen
C([C@H]([C@H]([C@@H]([C@@H](CO)O)O)O)O)O,Non-Carcinogen
C(CCl)NC[C@H]([C@H]([C@@H]([C@@H](CNCCCl)O)O)O)O,Non-Carcinogen
CC1=C(N=C2C(=C1)C3=CC=CC=C3N2)[NH3+],Carcinogen
CC1=CN=C2C=CC3=C(C2=N1)N=C(N3C)N,Carcinogen
C1(=NC(=NC(=N1)N)N)N,Carcinogen
CC1=CN=C(S1)NC(=O)C2=C(C3=CC=CC=C3S(=O)(=O)N2C)O,Non-Carcinogen
C1=CC(=CC=C1C[C@@H](C(=O)O)N)N(CCCl)CCCl,Carcinogen
CC1CCC(C(C1)O)C(C)C,Non-Carcinogen
CCN(CC)CCOC1=CC=C(C=C1)C(CC2=CC=C(C=C2)OC)(C3=CC=CC=C3)O,Non-Carcinogen
C1=CC=C2C(=C1)NC(=S)S2,Carcinogen
C1=NC2=C(N1)C(=S)N=CN2,Non-Carcinogen
CC1CN1P(=O)(N2CC2C)N3CC3C,Carcinogen
CC(=C)C#N,Non-Carcinogen
CN(C)CCN(CC1=CC=CO1)C2=CC=CC=N2,Non-Carcinogen
CN(C)CCN(CC1=CC=CS1)C2=CC=CC=C2,Non-Carcinogen
CN(C)CCN(CC1=CC=CS1)C2=CC=CC=N2,Carcinogen
CN1C=CNC1=S,Carcinogen
CSCCC(C(=O)O)N,Non-Carcinogen
CN(CC1=CN=C2C(=N1)C(=NC(=N2)N)N)C3=CC=C(C=C3)C(=O)N[C@@H](CCC(=O)O)C(=O)O,Non-Carcinogen
COC1=C(C=C2C(=C1)C3=CC=CC=C3O2)N,Carcinogen
COC1=CC=CC(=C1O)O,Carcinogen
COC1=CC=C(C=C1)C(C2=CC=C(C=C2)OC)C(Cl)(Cl)Cl,Non-Carcinogen
COC1=CC=C(C=C1)O,Carcinogen
COC1=C2C(=CC3=C1OC=C3)C=CC(=O)O2,Carcinogen
CCN=[N+](C)[O-],Carcinogen
CC(C)(C)OC,Carcinogen
CC1=C(C=CC(=C1)Cl)OCC(=O)O,Non-Carcinogen
CC(C)(C(=O)OC)OC1=CC=C(C=C1)C2=CC=C(C=C2)Cl,Carcinogen
CC1=CC(=CC=C1)N=NC2=CC=C(C=C2)N(C)C,Carcinogen
CN(C1=CC=C(C=C1)N=O)N=O,Carcinogen
CCCCCC(/C=C/C=C\CCCCCCCC(=O)OC)OO,Non-Carcinogen
CCCCC/C=C\C/C=C\CCCCCCCC(=O)OC,Non-Carcinogen
CC(=C)C(=O)OC,Non-Carcinogen
CC1=C(C2=C(C=C1)C(=O)C3=CC=CC=C3C2=O)[N+](=O)[O-],Carcinogen
CC1CN(C(=O)N1)/N=C/C2=CC=C(O2)[N+](=O)[O-],Carcinogen
CN(C1=CC=C(C=C1)/C=C/C2=CC=NC3=CC=CC=C23)N=O,Carcinogen
CN(C(=O)C1=CC=CC=C1)N=O,Carcinogen
CN(C(=O)NCCC[C@@H](C(=O)O)N)N=O,Carcinogen
C[C@@H]1CCCCN1N=O,Carcinogen
C[C@H]1CCCCN1N=O,Carcinogen
COP(=S)(OC)OC1=CC=C(C=C1)[N+](=O)[O-],Non-Carcinogen
CN1CCCC1=O,Non-Carcinogen
CC(C1=CC=CC=C1)O,Carcinogen
CC1=CC(=C(C=C1)O)O,Carcinogen
CC1=C2CCC3=C2C(=CC4=C3C=CC5=CC=CC=C54)C=C1,Carcinogen
C[C@](CC1=CC(=C(C=C1)O)O)(C(=O)O)N,Non-Carcinogen
CC(C)C(=O)OC1=C(C=C(C=C1)CCNC)OC(=O)C(C)C,Non-Carcinogen
CC1=C(C=CC(=C1)CC2=CC(=C(C=C2)N)C)N,Carcinogen
CN(C)C1=CC=C(C=C1)CC2=CC=C(C=C2)N(C)C,Carcinogen
CC1=CC(=C(C(=C1)C(C)(C)C)O)CC2=C(C(=CC(=C2)C)C(C)(C)C)O,Non-Carcinogen
C1=CC(=CC=C1CC2=CC=C(C=C2)N)N,Carcinogen
CC/C(=N/O)/C,Carcinogen
COC1=C(C=C(C=C1)CC=C)OC,Carcinogen
CN1C=NC2=C1C(=O)N=C(N2)N,Non-Carcinogen
CC1=C(C=CC(=C1)O)O,Non-Carcinogen
CC1=NC=CN1,Carcinogen
CN(CCCC(C1=CN=CC=C1)O)N=O,Carcinogen
CN(CCCC(=O)C1=CN=CC=C1)N=O,Carcinogen
C=CC(=O)NCO,Non-Carcinogen
COC(=O)C(C1CCCCN1)C2=CC=CC=C2,Non-Carcinogen
CC1=CC2=C(C=C1)N=CC=C2,Non-Carcinogen
CC1=CC=CC2=C1N=CC=C2,Non-Carcinogen
CC1=CC2=C(C=C1)SC3=CC=CC=C3N=C2N4CCN(CC4)C,Non-Carcinogen
CC1=NC=C(N1CCO)[N+](=O)[O-],Carcinogen
CC1=CC(=CC(=C1N(C)C)C)OC(=O)NC,Non-Carcinogen
CN(C)C1=CC=C(C=C1)C(=O)C2=CC=C(C=C2)N(C)C,Carcinogen
C12(C3(C4(C5(C3(C(C1(C5(C2(C4(Cl)Cl)Cl)Cl)Cl)(Cl)Cl)Cl)Cl)Cl)Cl)Cl,Carcinogen
C12C3(C4(C5(C3(C(C1(C5(C2(C4(Cl)Cl)Cl)Cl)Cl)(Cl)Cl)Cl)Cl)Cl)Cl,Carcinogen
CCCCC(C)(C/C=C/[C@H]1[C@@H](CC(=O)[C@@H]1CCCCCCC(=O)OC)O)O,Non-Carcinogen
CC1=C(C(=O)C2=C(C1=O)N3C[C@H]4[C@@H]([C@@]3([C@@H]2COC(=O)N)OC)N4)N,Carcinogen
C[C@H]1C(=O)O[C@@H]2CCN3[C@@H]2C(=CC3)COC(=O)[C@]([C@]1(C)O)(C)O,Carcinogen
CNC(=O)C1=C(N=CN1C)N(C)N=O,Carcinogen
C([C@@H](C(=O)[O-])N)C(=O)O,Non-Carcinogen
C(CC(=O)O)[C@@H](C(=O)[O-])N,Non-Carcinogen
C(CC(=O)[O-])C(=O)O,Non-Carcinogen
C1COCCN1C2=NC(=NC3=CC=CC=C32)C4=CC=C(S4)[N+](=O)[O-],Carcinogen
C1COCCN1C[C@H]2CN(C(=O)O2)/N=C/C3=CC=C(O3)[N+](=O)[O-],Carcinogen
CS(=O)(=O)OCCCCOS(=O)(=O)C,Non-Carcinogen
CC(C)(C(=O)O)OC1=CC=C(C=C1)C2CCCC3=CC=CC=C23,Carcinogen
CCN1C=C(C(=O)C2=C1N=C(C=C2)C)C(=O)O,Carcinogen
C1=CC=C2C=CC=CC2=C1,Carcinogen
C1=CC2=C(C=CC=C2N)C(=C1)N,Carcinogen
C1=CC=C2C(=C1)C=CC=C2NCCN,Non-Carcinogen
C1=CC=C2C=C(C=CC2=C1)N,Carcinogen
CC1=C(C(=CC=C1)C)NC(=O)CN2CCCC2=O,Non-Carcinogen
CN1CCC[C@H]1C2=CN=CC=C2,Non-Carcinogen
CCNC(=O)NC1=NC=C(S1)[N+](=O)[O-],Carcinogen
C(C(=O)O)N(CC(=O)O)CC(=O)O,Carcinogen
C(C(=O)[O-])N(CC(=O)[O-])CC(=O)[O-],Carcinogen
CCOC1=C(C=C(C=C1)NC(=O)C)[N+](=O)[O-],Non-Carcinogen
COC1=C(C=C(C=C1)[N+](=O)[O-])N,Carcinogen
C1=C(OC(=C1)[N+](=O)[O-])/C=N/NC(=O)N,Carcinogen
C1=C(OC(=C1)[N+](=O)[O-])/C(=N/O)/N,Non-Carcinogen
CC(=O)OC(C1=CC=C(O1)[N+](=O)[O-])OC(=O)C,Non-Carcinogen
C1=CC2=NC=C(N2C=C1)C3=CC=C(O3)[N+](=O)[O-],Carcinogen
C1=C(OC(=C1)[N+](=O)[O-])C2=NNC(=O)O2,Carcinogen
CC(=O)NCC1=NC(=NO1)C2=CC=C(O2)[N+](=O)[O-],Carcinogen
CC(=O)NC1=NN=C(S1)C2=CC=C(O2)[N+](=O)[O-],Carcinogen
C1=C(OC(=C1)[N+](=O)[O-])C2=CSC=N2,Carcinogen
CC(=O)NC1=NC(=CS1)C2=CC=C(O2)[N+](=O)[O-],Carcinogen
C1=C(OC(=C1)[N+](=O)[O-])C2=CSC(=N2)NC=O,Carcinogen
CC(=O)NC1=NC(=NC(=N1)C2=CC=C(O2)[N+](=O)[O-])NC(=O)C,Carcinogen
CC/C=C(/CC)\[N+](=O)[O-],Carcinogen
C1=CC(=C(C=C1N)[N+](=O)[O-])N,Non-Carcinogen
C1=CC(=C(C=C1[N+](=O)[O-])N)N,Non-Carcinogen
CC1=C(C=C(C=C1)[N+](=O)[O-])N,Non-Carcinogen
C1CC2=CC=CC3=C(C=CC1=C23)[N+](=O)[O-],Carcinogen
C1=CC(=CC=C1N)[N+](=O)[O-],Non-Carcinogen
COC1=CC=CC=C1[N+](=O)[O-],Carcinogen
C1=CC(=C(C=C1[N+](=O)[O-])N)C(=O)O,Non-Carcinogen
C1=CC=C(C=C1)[N+](=O)[O-],Carcinogen
C1=CC2=C(C=C1[N+](=O)[O-])NC=N2,Non-Carcinogen
C1=CC(=CC=C1C(=O)O)[N+](=O)[O-],Carcinogen
CCCC[N+](=O)[O-],Non-Carcinogen
CCC(C)[N+](=O)[O-],Carcinogen
C1=CC(=CC=C1[N+](=O)[O-])OC2=C(C=C(C=C2)Cl)Cl,Carcinogen
C1C2=CC=CC=C2C3=C1C=C(C=C3)[N+](=O)[O-],Carcinogen
C1C(=O)NC(=O)N1/N=C/C2=CC=C(O2)[N+](=O)[O-],Carcinogen
C1CN(C(=O)N1)/N=C/C2=CC=C(O2)[N+](=O)[O-],Carcinogen
CN(CCCl)CCCl,Carcinogen
C[N+](CCCl)(CCCl)[O-],Carcinogen
C1=CC=C2C(=C1)C=CC=C2[N+](=O)[O-],Non-Carcinogen
CCC(CC)[N+](=O)[O-],Carcinogen
CCC[N+](=O)[O-],Non-Carcinogen
CC(C)[N+](=O)[O-],Non-Carcinogen
C(C[N+](=O)[O-])C(=O)O,Non-Carcinogen
C1=CC2=C3C(=C1)C=CC4=C(C=CC(=C43)C=C2)[N+](=O)[O-],Carcinogen
C1=CC2=C(C=CC(=C2)[N+](=O)[O-])N=C1,Non-Carcinogen
C1=CC2=C(C(=C1)[N+](=O)[O-])N=CC=C2,Carcinogen
CC(C)OC1=CC=CC=C1OC(=O)N(C)N=O,Carcinogen
C(CC(F)(F)F)CN(CCCC(F)(F)F)N=O,Carcinogen
CC1CN(C(=O)NC1=O)N=O,Non-Carcinogen
C1CN(C(=O)NC1=O)N=O,Carcinogen
CC(CN(CC(CO)O)N=O)O,Carcinogen
CC(=O)CN(CC(CO)O)N=O,Carcinogen
C(CO)N(CC(CO)O)N=O,Carcinogen
CC1CN(CC(N1C(=O)C2=CC=CC=C2)C)N=O,Carcinogen
C(CCl)NC(=O)N(CCO)N=O,Carcinogen
C1COC(CN1N=O)O,Non-Carcinogen
CC(CN(C(=O)NCCCl)N=O)O,Carcinogen
CC(CN(CCO)N=O)O,Carcinogen
C1CN(CC1O)N=O,Carcinogen
CC(C)CN(C(=O)N)N=O,Carcinogen
CCCCCCCCCCCCN(C)N=O,Carcinogen
CN(C1=CC=C(C=C1)F)N=O,Carcinogen
CN(C1=CC=C(C=C1)[N+](=O)[O-])N=O,Non-Carcinogen
CN(CCC1=CC=CC=C1)N=O,Carcinogen
CCCCCCCCCCCCCCN(C)N=O,Carcinogen
CCCCCCCCCCN(C)N=O,Carcinogen
C1COC(=O)N1N=O,Carcinogen
CC(=O)CN(CCO)N=O,Carcinogen
C1CN(CN(C1)N=O)N=O,Carcinogen
C1CN(CC=C1)N=O,Carcinogen
CCN(CC(F)(F)F)N=O,Carcinogen
CC1=CC(N(C2=CC=CC=C12)N=O)(C)C,Carcinogen
CC1CN(CC(N1C)C)N=O,Carcinogen
C=CCN(CC(CO)O)N=O,Carcinogen
CC(CN(CC=C)N=O)O,Carcinogen
CC(=O)CN(CC=C)N=O,Carcinogen
C=CCN(CCO)N=O,Carcinogen
CCCCCN(C(=O)OCC)N=O,Carcinogen
C1CCN(C(C1)C2=CN=CC=C2)N=O,Carcinogen
CN(C(=O)NC1=NC2=CC=CC=C2S1)N=O,Carcinogen
CC(CN(CC(C)O)N=O)O,Carcinogen
CC(=O)CN(CC(=O)C)N=O,Carcinogen
C(C(F)(F)F)N(CC(F)(F)F)N=O,Non-Carcinogen
CC1=C(N=CN1)CSCCN=C(NC#N)N(C)N=O,Non-Carcinogen
CCCCN(CCCC)N=O,Carcinogen
C(CO)N(CCO)N=O,Carcinogen
CCN(CC)N=O,Carcinogen
C1=CC=C(C=C1)N(C2=CC=CC=C2)N=O,Carcinogen
C1=CC=C(C=C1)NC2=CC=C(C=C2)N=O,Carcinogen
CCCN(CCC)N=O,Carcinogen
C1N(CSCS1)N=O,Non-Carcinogen
C1CCCCCCN(CCCCC1)N=O,Carcinogen
CC(C(C1=CC=CC=C1)O)N(C)N=O,Carcinogen
CCN(C)N=O,Carcinogen
CCN(C(=O)OCC)N=O,Carcinogen
COC(=O)C1=CCCN(C1)N=O,Non-Carcinogen
C1CCCN(CCC1)N=O,Carcinogen
C1C(=O)NC(=O)N1N=O,Carcinogen
C1[C@H](CN([C@@H]1C(=O)O)N=O)O,Non-Carcinogen
C(C(=O)O)N(CC(=O)O)N=O,Non-Carcinogen
CN(CCCC(=O)O)N=O,Carcinogen
CN(CC(CO)O)N=O,Carcinogen
CN(CCO)N=O,Carcinogen
CN(CCCO)N=O,Carcinogen
CC(CN(C)N=O)O,Carcinogen
CC(=O)CN(C)N=O,Carcinogen
CC1=CC=C(C=C1)S(=O)(=O)OCCN(C)N=O,Carcinogen
CN(C1=CC=CC=N1)N=O,Carcinogen
CN(C1=CN=CC=C1)N=O,Non-Carcinogen
CN(C1=CC=NC=C1)N=O,Non-Carcinogen
CN(C1=CC=CC=C1)N=O,Carcinogen
CCCCCCCCCCCN(C)N=O,Carcinogen
C1COCCN1N=O,Carcinogen
C1CC(N(C1)N=O)C2=CN=CC=C2,Carcinogen
C1CC(N(C1)N=O)C2=C[N+](=CC=C2)[O-],Carcinogen
C1CCN(C(C1)C(=O)O)N=O,Non-Carcinogen
C1CN(CCN1)N=O,Carcinogen
C1CCN(CC1)N=O,Carcinogen
C1C[C@H](N(C1)N=O)C(=O)O,Non-Carcinogen
C1CCN(C1)N=O,Carcinogen
CC1N(C(SC(S1)C)C)N=O,Carcinogen
C1CSCCN1N=O,Carcinogen
CC1=CC=CC=C1N=O,Carcinogen
CC1=CC=CC=C1[N+](=O)[O-],Carcinogen
CC1=CC=C(C=C1)[N+](=O)[O-],Carcinogen
C1=CC=C2C(=C1)C3=C(N2)C=NC=C3,Non-Carcinogen
CC(=O)O[C@]1(CC[C@@H]2[C@@]1(CC[C@H]3[C@H]2CCC4=CC(=O)CC[C@H]34)C)C#C,Carcinogen
C1=CC=C(C=C1)C(=O)OOC(=O)C2=CC=CC=C2,Non-Carcinogen
C[C@@H]1CC2=C(C=C(C(=C2C(=O)O1)O)C(=O)N[C@@H](CC3=CC=CC=C3)C(=O)O)Cl,Carcinogen
C1(=C(C(=C(C(=C1Cl)Cl)Cl)Cl)Cl)C(=C(Cl)Cl)Cl,Non-Carcinogen
CCCCCCCC/C=C\CCCCCCCC(=O)[O-],Non-Carcinogen
CC1=C(SSC1=S)C2=NC=CN=C2,Non-Carcinogen
CC1=CN=C(C(=C1OC)C)CS(=O)C2=NC3=C(N2)C=C(C=C3)OC,Carcinogen
C1=CC=C(C=C1)NC2=C(C=C(C=C2)NC3=C(C=C(C=C3)[N+](=O)[O-])[N+](=O)[O-])S(=O)(=O)[O-],Carcinogen
C1=CC=C(C=C1)N/N=C/2\C(=O)C=CC3=CC(=CC(=C32)S(=O)(=O)[O-])S(=O)(=O)[O-],Non-Carcinogen
C1=C(NC(=O)NC1=O)C(=O)[O-],Non-Carcinogen
C[C@H](CCC=C(C)C)[C@H]1CC[C@@]2([C@@]1(CC[C@]34[C@H]2CC[C@@H]5[C@]3(C4)CC[C@@H](C5(C)C)OC(=O)/C=C/C6=CC(=C(C=C6)O)OC)C)C,Non-Carcinogen
CNCC1=CC=C(O1)CSCCNC(=NCC(C2=CC=C(C=C2)O)O)NS(=O)(=O)C,Non-Carcinogen
CNC(=O)O/N=C(/C(=O)N(C)C)\SC,Non-Carcinogen
C1=CC=C(C=C1)C2=NC(C(=O)NC3=C2C=C(C=C3)Cl)O,Non-Carcinogen
CC(=O)NC1=CC2=C(C=C1)C3=CC=CC=C3C2=O,Carcinogen
CCN1C=C(C(=O)C2=CC3=C(C=C21)OCO3)C(=O)O,Carcinogen
CC(=O)CN(C(=O)NCCCl)N=O,Non-Carcinogen
CC(=O)CN(C(=O)N)N=O,Non-Carcinogen
C=CC(=O)C1=CC2=C(C=C1)OCO2,Non-Carcinogen
CC(C)NCC(COC1=CC=CC=C1OCC=C)O,Non-Carcinogen
C1=CC(=CC=C1N)OC2=CC=C(C=C2)N,Carcinogen
C1COCCN1C(=S)SN2CCOCC2,Carcinogen
C[C@]12CC[C@H]3[C@H]([C@@H]1CC[C@]2(C)O)CC[C@@H]4[C@@]3(C/C(=C/O)/C(=O)C4)C,Carcinogen
C[C@@]1([C@H]2[C@@H]([C@H]3[C@@H](C(=O)C(=C([C@]3(C(=O)C2=C(C4=C1C=CC=C4O)O)O)O)C(=O)N)N(C)C)O)O,Non-Carcinogen
CC1=C(C(C(=C(N1)C)C(=O)OCC(C)(C)CN(C)CC2=CC=CC=C2)C3=C(C=CC(=C3)[N+](=O)[O-])F)C(=O)OC,Non-Carcinogen
CCOP(=S)(OCC)OC1=CC=C(C=C1)[N+](=O)[O-],Non-Carcinogen
C1C=C2C(=CC(=O)O2)C(O1)O,Non-Carcinogen
CC1([C@@H](N2[C@H](S1)[C@@H](C2=O)NC(=O)COC3=CC=CC=C3)C(=O)[O-])C,Non-Carcinogen
COC1=C(C(=C(C(=C1Cl)Cl)Cl)Cl)Cl,Carcinogen
C1(=C(C(=C(C(=C1Cl)Cl)Cl)Cl)Cl)[N+](=O)[O-],Non-Carcinogen
C(C(CO[N+](=O)[O-])(CO[N+](=O)[O-])CO[N+](=O)[O-])O[N+](=O)[O-],Non-Carcinogen
CCCCCN(/C(=N/[N+](=O)[O-])/N)N=O,Non-Carcinogen
C1CCC(CC1)C(CC2CCCCN2)C3CCCCC3,Non-Carcinogen
C[C@@H]1CC2([C@H](O2)C)C(=O)O[C@@H]3CCN(C/C=C(\C3=O)/COC(=O)[C@]1(C)O)C,Carcinogen
CCOC1=CC=C(C=C1)NC(=O)C,Carcinogen
CC1=CC(=O)N(N1C)C2=CC=CC=C2,Carcinogen
C1=CC=C(C=C1)N=NC2=C(N=C(C=C2)N)N,Carcinogen
C[C@H](CCCC(C)C)[C@H]1CC[C@@H]2[C@@]1(CC[C@H]3[C@H]2CC=C4[C@@]3(CC[C@@H](C4)OC(=O)CC5=CC=C(C=C5)N(CCCl)CCCl)C)C,Carcinogen
C1=CC=C(C=C1)CCN=C=S,Non-Carcinogen
C1=CC=C(C=C1)CCN=C(N)N=C(N)N,Non-Carcinogen
CCC1(C(=O)NC(=O)NC1=O)C2=CC=CC=C2,Non-Carcinogen
CCC1(C(=O)NC(=NC1=O)[O-])C2=CC=CC=C2,Carcinogen
C1=CC=C(C=C1)O,Non-Carcinogen
C1=CC=C2C(=C1)C(=O)OC2(C3=CC=C(C=C3)O)C4=CC=C(C=C4)O,Carcinogen
CC(COC1=CC=CC=C1)N(CCCl)CC2=CC=CC=C2,Carcinogen
CN(C)N=NC1=CC=CC=C1,Carcinogen
CC1=NN(C(=O)C1)C2=CC=CC=C2,Non-Carcinogen
C1=CC=C(C=C1)NC2=CC3=CC=CC=C3C=C2,Non-Carcinogen
C1=CC=C(C=C1)NC2=CC=C(C=C2)N,Non-Carcinogen
C1=CC=C(C=C1)C(COC(=O)N)COC(=O)N,Carcinogen
C1=CC=C(C=C1)/C(=C\CCCCC(=O)O)/C2=CN=CC=C2,Non-Carcinogen
C1=CC=C(C=C1)NC(=S)N,Non-Carcinogen
C1=CC=C(C=C1)N/N=C/2\C(=O)C=CC3=CC=CC=C32,Carcinogen
CCCCC1C(=O)N(N(C1=O)C2=CC=CC=C2)C3=CC=CC=C3,Carcinogen
C1=CC(=CC=C1N)N,Non-Carcinogen
C1=CC(=CC(=C1)N)N,Non-Carcinogen
C1=CC=C(C(=C1)N)N,Carcinogen
CNC[C@@H](C1=CC(=CC=C1)O)O,Non-Carcinogen
COC1=C(C=CC(=C1)/C=C/C(=O)OCCC2=CC=CC=C2)O,Non-Carcinogen
C1C(O1)COC2=CC=CC=C2,Carcinogen
C1=CC=C(C=C1)CCCCCCN=C=S,Non-Carcinogen
C1=CC=C(C=C1)C2=CC=CC=C2O,Carcinogen
C1=CC=C(C=C1)C2=CC=CC=C2[O-],Carcinogen
C1=CC=C(C=C1)CCCN=C=S,Non-Carcinogen
CN1C2=C(N=CC(=C2)C3=CC=CC=C3)N=C1N,Carcinogen
C1=CC=C(C(=C1)C(=O)N)C(=O)N,Non-Carcinogen
C1=CC=C2C(=C1)C(=O)OC2=O,Non-Carcinogen
C1(=C(C(=NC(=C1Cl)Cl)C(=O)O)Cl)N,Non-Carcinogen
CC[C@H]1[C@H](COC1=O)CC2=CN=CN2C,Non-Carcinogen
C[C@@H]1C/C=C/C=C/C=C/C=C/[C@@H](C[C@H]2[C@@H]([C@H](C[C@](O2)(C[C@H](C[C@@H]3[C@H](O3)/C=C/C(=O)O1)O)O)O)C(=O)O)O[C@H]4[C@H]([C@H]([C@@H]([C@H](O4)C)O)N)O,Non-Carcinogen
C1CNCCN1,Non-Carcinogen
C1CCNCC1,Non-Carcinogen
CCCCOCCOCCOCC1=CC2=C(C=C1CCC)OCO2,Carcinogen
CCCCCCCCS(=O)C(C)CC1=CC2=C(C=C1)OCO2,Non-Carcinogen
C[C@@H]1CCC[C@@H](N1CCCC(C2=CC=CC=C2)(C3=CC=CC=N3)O)C,Non-Carcinogen
CN1C(=C(C2=CC=CC=C2S1(=O)=O)O)C(=O)NC3=CC=CC=N3,Non-Carcinogen
CC1(COC1=O)C,Carcinogen
C1=C(C(=CC(=C1Br)Br)Br)C2=CC(=C(C=C2Br)Br)Br,Carcinogen
C1=CC(=C(C(=C1C2=CC(=C(C(=C2)Br)Br)Br)Br)Br)Br,Non-Carcinogen
CCCCCCCCCC1=CC=C(C=C1)OCCOCCO,Non-Carcinogen
CCCCCCCC/C=C/CCCCCCCC(=O)OCCOCC(C1C(CC(O1)OCCO)OCCO)OCCO,Non-Carcinogen
C=CC1=CC=CC=[N+]1[O-],Non-Carcinogen
CC(C)NCC(COC1=CC=C(C=C1)NC(=O)C)O,Non-Carcinogen
C1=CC=C(C=C1)CCCCOC2=CC=C(C=C2)C(=O)NC3=CC=CC4=C3OC(=CC4=O)C5=NNN=N5,Non-Carcinogen
C1CC1CN2C(=O)CN=C(C3=C2C=CC(=C3)Cl)C4=CC=CC=C4,Non-Carcinogen
C1CCC(CC1)C(=O)N2CC3C4=CC=CC=C4CCN3C(=O)C2,Non-Carcinogen
C[C@]12C[C@@H]([C@H]3[C@H]([C@@H]1CC[C@@]2(C(=O)COC(=O)CCCC4=CC=C(C=C4)N(CCCl)CCCl)O)CCC5=CC(=O)C=C[C@]35C)O,Carcinogen
C[C@]12C[C@@H]([C@H]3[C@H]([C@@H]1CC[C@@]2(C(=O)CO)O)CCC4=CC(=O)C=C[C@]34C)O,Carcinogen
C[C@]12CC[C@H]3C(=CCC4=C3C=CC(=C4)OS(=O)(=O)[O-])[C@@H]1CCC2=O,Non-Carcinogen
CCC1(C(=O)NCNC1=O)C2=CC=CC=C2,Non-Carcinogen
CCCN(CCC)S(=O)(=O)C1=CC=C(C=C1)C(=O)O,Non-Carcinogen
CC(C)NC(=O)C1=CC=C(C=C1)CNNC,Carcinogen
CC(CN1C2=CC=CC=C2SC3=CC=CC=C31)N(C)C,Non-Carcinogen
C1COS(=O)(=O)C1,Carcinogen
C1COC1=O,Carcinogen
CC(C)NCC(COC1=CC=CC2=CC=CC=C21)O,Non-Carcinogen
CCCOC(=O)C1=CC(=C(C(=C1)O)O)O,Non-Carcinogen
CCCN(/C(=N/[N+](=O)[O-])/N)N=O,Carcinogen
CCCN(C(=O)N)N=O,Carcinogen
CC(CO)O,Non-Carcinogen
CC(COC(C)(C)C)O,Non-Carcinogen
CC1CO1,Carcinogen
CCCC1=CC(=O)NC(=S)N1,Carcinogen
CCNNC(=O)[C@H]1[C@@H]([C@H](C2=CC3=C(C=C2[C@H]1C4=CC(=C(C(=C4)OC)OC)OC)OCO3)O)CO,Non-Carcinogen
C1=CC(=C(C=C1C(=O)O)O)O,Non-Carcinogen
C1=CC=C2C(=C1)C(=CC=C2S(=O)(=O)[O-])N/N=C/3\C(=O)C=CC4=CC(=CC(=C43)S(=O)(=O)[O-])S(=O)(=O)[O-],Carcinogen
C1=CC=C2C(=C1)C(=O)C3=C(C2=O)C(=C(C=C3O)O)O,Carcinogen
C1=CN=C(C=N1)C(=O)N,Non-Carcinogen
C1=CC=NC=C1,Carcinogen
CN(C)CCN(CC1=CC=C(C=C1)OC)C2=CC=CC=N2,Carcinogen
CCC1=C(C(=NC(=N1)N)N)C2=CC=C(C=C2)Cl,Non-Carcinogen
CCOC(=O)[C@H](CCC1=CC=CC=C1)N[C@@H](C)C(=O)N2CC3=CC=CC=C3C[C@H]2C(=O)O,Non-Carcinogen
C1=CC(=CC=C1NO)N=O,Carcinogen
CN1C=C(C2=CC=CC=C21)C(=O)[C@@H]3CCC4=C(C3)NC=N4,Non-Carcinogen
CC1=CC=C(C=C1)S(=O)(=O)OC2=CC=C(C=C2)N=NC3=C(C=C(C=C3)C4=CC(=C(C=C4)N/N=C/5\C(=O)C=CC6=CC(=CC(=C65)S(=O)(=O)[O-])S(=O)(=O)[O-])C)C,Carcinogen
C1=CC=C2C(=C1)C(=CC=C2S(=O)(=O)[O-])N/N=C\3/C=C(C4=CC=CC=C4C3=O)S(=O)(=O)[O-],Non-Carcinogen
CC1=CC(=C(C=C1)N/N=C/2\C(=O)C=CC3=CC=CC=C32)[N+](=O)[O-],Carcinogen
COC1=C(C=C(C=C1)[N+](=O)[O-])N/N=C/2\C3=CC=CC=C3C=C(C2=O)C(=O)NC4=CC(=CC=C4)[N+](=O)[O-],Non-Carcinogen
CC1=CC(=C(C=C1)N/N=C\2/C3=C(C=CC(=C3)S(=O)(=O)[O-])C=C(C2=O)S(=O)(=O)[O-])C,Carcinogen
C1=CC=C2C(=C1)C=CC(=C2S(=O)(=O)[O-])N/N=C/3\C(=O)C=CC4=CC=CC=C43,Non-Carcinogen
CC1=CC(=C(C=C1C)N/N=C\2/C3=C(C=C(C=C3)S(=O)(=O)[O-])C=C(C2=O)S(=O)(=O)[O-])C,Carcinogen
C1=CC=C2C(=C1)C(=CC=C2S(=O)(=O)[O-])N/N=C\3/C4=C(C=C(C=C4)S(=O)(=O)[O-])C=C(C3=O)S(=O)(=O)[O-],Carcinogen
C1=CC=C(C(=C1)C2=C3C=C(C(=O)C(=C3OC4=C(C(=C(C=C24)I)[O-])I)I)I)C(=O)[O-],Non-Carcinogen
CC1=CC(=C(C=C1N/N=C/2\C=C(C3=CC=CC=C3C2=O)S(=O)(=O)[O-])S(=O)(=O)[O-])C,Carcinogen
CCN(CC)C1=C(C=C2C(=C1)OC3=CC(=[N+](CC)CC)C(=CC3=C2C4=C(C=C(C=C4)S(=O)(=O)[O-])S(=O)(=O)[O-])C)C,Non-Carcinogen
C1=CC(=C(C=C1N)[N+](=O)[O-])NCCO,Non-Carcinogen
CO[C@H]1[C@@H](C[C@@H]2CN3CCC4=C([C@H]3C[C@@H]2[C@@H]1C(=O)OC)NC5=C4C=CC(=C5)OC)OC(=O)C6=CC(=C(C(=C6)OC)OC)OC,Carcinogen
C1=CC(=CC(=C1)O)O,Non-Carcinogen
CC1=C(C(CCC1)(C)C)/C=C/C(=C/C=C/C(=C/C(=O)O)/C)/C,Non-Carcinogen
CC1=C(C(CCC1)(C)C)/C=C/C(=C/C=C/C(=C/COC(=O)C)/C)/C,Carcinogen
CCCCCCCCCCCCCCCC(=O)OC/C=C(\C)/C=C/C=C(\C)/C=C/C1=C(CCCC1(C)C)C,Non-Carcinogen
C/C=C\1/C[C@H]([C@@](C(=O)OCC2=CCN3[C@H]2[C@@H](CC3)OC1=O)(CO)O)C,Carcinogen
CCNC1=C(C=C2C(=C1)OC3=CC(=NCC)C(=CC3=C2C4=CC=CC=C4C(=O)OCC)C)C,Non-Carcinogen
C/C=C\1/CC(=C)[C@@](C(=O)OCC2=CCN3[C@H]2[C@@H](CC3)OC1=O)(CO)O,Carcinogen
C[C@H]1/C=C/C=C(\C(=O)NC\2=C(C3=C(C(=C4C(=C3C(=O)/C2=C\NN5CCN(CC5)C)C(=O)[C@](O4)(O/C=C/[C@@H]([C@H]([C@H]([C@@H]([C@@H]([C@@H]([C@H]1O)C)O)C)OC(=O)C)C)OC)C)C)O)O)/C,Non-Carcinogen
CCN1C2=C(C(=N1)C)NC(=O)CN=C2C3=CC=CC=C3,Non-Carcinogen
CC1=CC(=C(C2=CC=C(C=C2)N)C3=CC=C(C=C3)N)C=CC1=N,Non-Carcinogen
C1=CC(=N)C=CC1=C(C2=CC=C(C=C2)N)C3=CC=C(C=C3)N,Carcinogen
CC(=C)[C@H]1CC2=C(O1)C=CC3=C2O[C@@H]4COC5=CC(=C(C=C5[C@@H]4C3=O)OC)OC,Non-Carcinogen
C[C@H]1[C@@H]([C@H]([C@H]([C@@H](O1)OC[C@@H]2[C@H]([C@@H]([C@H]([C@@H](O2)OC3=C(OC4=CC(=CC(=C4C3=O)O)O)C5=CC(=C(C=C5)O)O)O)O)O)O)O)O,Non-Carcinogen
C1=CC=C2C(=C1)C(=O)NS2(=O)=O,Non-Carcinogen
C1=CC=C2C(=C1)C(=NS2(=O)=O)[O-],Non-Carcinogen
C1=CC=C2C(=C1)C(=O)[N-]S2(=O)=O,Carcinogen
C=CCC1=CC2=C(C=C1)OCO2,Carcinogen
CC(C)(C)NCC(C1=CC(=C(C=C1)O)CO)O,Carcinogen
C1=CC=NC(=C1)NS(=O)(=O)C2=CC=C(C=C2)N/N=C\3/C=CC(=O)C(=C3)C(=O)O,Carcinogen
CN1[C@@H]2CC(C[C@H]1[C@H]3[C@@H]2O3)OC(=O)[C@@H](CO)C4=CC=CC=C4,Non-Carcinogen
C/C=C\1/C[C@H]([C@@](C(=O)OC/C/2=C/CN(CC[C@H](C2=O)OC1=O)C)(C)O)C,Carcinogen
CN[C@H]1CC[C@H](C2=CC=CC=C12)C3=CC(=C(C=C3)Cl)Cl,Non-Carcinogen
C1OC2=C(O1)C=C(C=C2)O,Carcinogen
CCN(CC)C(=S)[S-],Non-Carcinogen
C/C=C/C=C/C(=O)O,Non-Carcinogen
CC(C)NCC(C1=CC=C(C=C1)NS(=O)(=O)C)O,Non-Carcinogen
COC1=C2C(=C3C4C=COC4OC3=C1)OC5=C(C2=O)C(=CC=C5)O,Carcinogen
C[C@@]12CCC[C@@]([C@H]1CC[C@]34[C@H]2CC[C@](C3)(C(=C)C4)O[C@H]5[C@@H]([C@H]([C@@H]([C@H](O5)CO)O)O)O[C@H]6[C@@H]([C@H]([C@@H]([C@H](O6)CO)O)O)O)(C)C(=O)O[C@H]7[C@@H]([C@H]([C@@H]([C@H](O7)CO)O)O)O,Non-Carcinogen
CN(C(=O)N[C@@H]1[C@H]([C@@H]([C@H](O[C@@H]1O)CO)O)O)N=O,Carcinogen
C=CC1=CC=CC=C1,Carcinogen
C1=CC=C(C=C1)/C=C/[N+](=O)[O-],Non-Carcinogen
C1C(O1)C2=CC=CC=C2,Carcinogen
C1CC(=O)OC1=O,Non-Carcinogen
CC(C)C(=O)OC[C@@H]1[C@H]([C@@H]([C@](O1)(COC(=O)C)O[C@@H]2[C@@H]([C@H]([C@@H]([C@H](O2)COC(=O)C)OC(=O)C(C)C)OC(=O)C(C)C)OC(=O)C(C)C)OC(=O)C(C)C)OC(=O)C(C)C,Non-Carcinogen
CCN(CC)C(=S)SCC(=C)Cl,Carcinogen
CC1=C(ON=C1C)NS(=O)(=O)C2=CC=C(C=C2)N,Non-Carcinogen
C1C=CCS1(=O)=O,Non-Carcinogen
CC(=O)NC1=CC=C(C=C1)S(=O)(=O)C2=CC=C(C=C2)NC(=O)C,Carcinogen
CC\1=C(C2=C(/C1=C\C3=CC=C(C=C3)S(=O)(=O)C)C=CC(=C2)F)CC(=O)O,Non-Carcinogen
CCCCC1(C(=O)N(N(C1=O)C2=CC=CC=C2)C3=CC=CC=C3)COC(=O)CCC(=O)O,Non-Carcinogen
C/C=C(\C)/C(=O)O[C@@H]1CCN2[C@@H]1C(=CC2)COC(=O)C(C(C)C)(C(C)O)O,Carcinogen
COC1=CC=C(C=C1)C(=C(C2=CC=C(C=C2)OC)Cl)C3=CC=C(C=C3)OC,Non-Carcinogen
CN1C(=O)C[C@H](NC1=O)C(=O)N[C@@H](CC2=CN=CN2)C(=O)N3CCC[C@H]3C(=O)N,Non-Carcinogen
CC/C(=C(\C1=CC=CC=C1)/C2=CC=C(C=C2)OCCN(C)C)/C3=CC=CC=C3,Carcinogen
C1CC(OC1)N2C=C(C(=O)NC2=O)F,Non-Carcinogen
CC(C)(C)NCC(C1=CC(=CC(=C1)O)O)O,Carcinogen
C1=CC(=C(C=C1C2=CC(=C(C=C2)N)N)N)N,Carcinogen
COC1=C(C(=C(C(=C1Cl)Cl)[N+](=O)[O-])Cl)Cl,Non-Carcinogen
C1=C(C(=CC(=C1Cl)N)Cl)C2=CC(=C(C=C2Cl)N)Cl,Non-Carcinogen
C1=C2C(=CC(=C1Cl)Cl)OC3=CC(=C(C=C3O2)Cl)Cl,Carcinogen
C[C@@]1([C@H]2C[C@H]3[C@@H](C(=O)C(=C([C@]3(C(=O)C2=C(C4=C1C=CC=C4O)O)O)O)C(=O)N)N(C)C)O,Non-Carcinogen
CCN(CC)C(=S)SSC(=S)N(CC)CC,Non-Carcinogen
C1(=C(C(=C(C(=C1F)F)F)N)F)N,Non-Carcinogen
C1CCON(C1)N=O,Carcinogen
CCCCCC1=CC2=C([C@@H]3C=C(CC[C@H]3C(O2)(C)C)C)C(=C1)O,Non-Carcinogen
C1CCOC1,Carcinogen
C1CN(C(=O)NC1=O)[C@H]2[C@@H]([C@@H]([C@H](O2)CO)O)O,Non-Carcinogen
CN(C)C(=S)SSC(=S)N(C)C,Non-Carcinogen
CN(C)CCN(CC1=CSC=C1)C2=CC=CC=N2,Non-Carcinogen
CN1C2=C(C(=O)N(C1=O)C)NC=N2,Non-Carcinogen
C1=CC=C2C(=C1)NC(=N2)C3=CSC=N3,Non-Carcinogen
CS(=O)(=O)C1=CC=C(C=C1)[C@H]([C@@H](CO)NC(=O)C(Cl)Cl)O,Non-Carcinogen
C1CN1P(=S)(N2CC2)N3CC3,Carcinogen
CC1=CC(=C(C=C1SC2=CC(=C(C=C2C)O)C(C)(C)C)C(C)(C)C)O,Non-Carcinogen
C1=CC(=CC=C1N)SC2=CC=C(C=C2)N,Carcinogen
C1[C@@H]([C@H](O[C@H]1N2C=NC3=C2NC(=NC3=S)N)CO)O,Carcinogen
C1=CNC(=S)NC1=O,Carcinogen
CCOC(=O)[C@@]1(CCC=C[C@H]1N(C)C)C2=CC=CC=C2,Non-Carcinogen
CC(C)(C)NCC(COC1=CN(C(=O)C2=CC=CC=C21)C)O,Non-Carcinogen
CC1=C(C(=C2CCC(OC2=C1C)(C)CCCC(C)CCCC(C)CCCC(C)C)C)O,Non-Carcinogen
CC1=C2C(=C(C(=C1C)OC(=O)C)C)CCC(O2)(C)CCCC(C)CCCC(C)CCCC(C)C,Non-Carcinogen
CC1=CC=C(C=C1)S(=O)(=O)NC(=O)NN2CCCCCC2,Non-Carcinogen
CCCCNC(=O)NS(=O)(=O)C1=CC=C(C=C1)C,Non-Carcinogen
CC1=CC=CC=C1,Carcinogen
CC1=C(C=C(C=C1)N=C=O)N=C=O,Carcinogen
CC1=CC=CC=C1S(=O)(=O)N,Carcinogen
CC1=CC(=CC=C1)N,Non-Carcinogen
CC1=CC=CC=C1N,Carcinogen
CC1=CC=C(C=C1)N,Non-Carcinogen
CC1=CC=C(C=C1)NC(=O)N,Non-Carcinogen
CN(C)CCOC1=CC=C(C=C1)/C(=C(/CCCl)\C2=CC=CC=C2)/C3=CC=CC=C3,Non-Carcinogen
C=C1C(C2(C(C(C1(C2(Cl)Cl)Cl)Cl)Cl)Cl)(CCl)CCl,Non-Carcinogen
C1CN1C2=CC(=O)C(=C(C2=O)N3CC3)N4CC4,Carcinogen
C[C@]12C[C@@H]([C@]3([C@H]([C@@H]1C[C@@H]4[C@]2(OC(O4)(C)C)C(=O)CO)CCC5=CC(=O)C=C[C@@]53C)F)O,Carcinogen
C1=CC=C(C=C1)C2=NC3=C(N=C2N)N=C(N=C3N)N,Non-Carcinogen
CCCCOP(=O)(OCCCC)OCCCC,Carcinogen
CCCCCCCC(=O)OCC(COC(=O)CCCCCCC)OC(=O)CCCCCCC,Carcinogen
C1=C(C=C(C(=C1Cl)N)Cl)Cl,Non-Carcinogen
C1=CC=C2C(=C1)C(=O)N(C2=O)SC(Cl)(Cl)Cl,Non-Carcinogen
C1=C(C=C(C(=C1Cl)O)Cl)Cl,Carcinogen
C1=C(C(=CC(=C1Cl)Cl)Cl)OCC(=O)O,Non-Carcinogen
COP(=O)(C(C(Cl)(Cl)Cl)O)OC,Non-Carcinogen
C(C(CCl)Cl)Cl,Carcinogen
CC1=CC=C(C=C1)OP(=O)(OC2=CC=C(C=C2)C)OC3=CC=C(C=C3)C,Non-Carcinogen
C(CO)N(CCO)CCO,Non-Carcinogen
C(COCCOCCO)O,Non-Carcinogen
C1=C(OC(=C1)[N+](=O)[O-])C2=CSC(=N2)NC(=O)C(F)(F)F,Carcinogen
CCCN(CCC)C1=C(C=C(C=C1[N+](=O)[O-])C(F)(F)F)[N+](=O)[O-],Non-Carcinogen
CC1(C(=O)N(C(=O)O1)C)C,Non-Carcinogen
CC1=C(C(=O)C(=C(C1=O)C)C(CCCCCC(=O)O)C2=CC=CC=C2)C,Non-Carcinogen
CC1=CC(=C(C=C1C)N)C,Carcinogen
CC1=CC(=C(C(=C1)C)N)C,Carcinogen
CC1=CC(=C(C=C1)C)C,Carcinogen
COP(=O)(OC)OC,Non-Carcinogen
CNC(=S)N(C)C,Carcinogen
C1=C(C=C(C=C1[N+](=O)[O-])[N+](=O)[O-])[N+](=O)[O-],Non-Carcinogen
C(C(CO[N+](=O)[O-])O[N+](=O)[O-])O[N+](=O)[O-],Carcinogen
C1=CC=C(C=C1)[Sn](C2=CC=CC=C2)C3=CC=CC=C3,Non-Carcinogen
CC1=CC=C(C=C1)/C(=C\CN2CCCC2)/C3=CC=CC=N3,Non-Carcinogen
C(CCl)OP(=O)(OCCCl)OCCCl,Carcinogen
C(C(CBr)Br)OP(=O)(OCC(CBr)Br)OCC(CBr)Br,Carcinogen
C(C(CCl)OP(=O)(OC(CCl)CCl)OC(CCl)CCl)Cl,Carcinogen
CCCCC(CC)COP(=O)(OCC(CC)CCCC)OCC(CC)CCCC,Non-Carcinogen
CC(CN(CC(C)O)CC(C)O)O,Non-Carcinogen
CCCCCCCCCCCCCCCC(=O)CC(=O)CCCCCCCCCCCCCCC,Non-Carcinogen
CC1=C(N=C(C2=C1NC3=CC=CC=C32)C)N,Carcinogen
CC1=C2C3=CC=CC=C3NC2=CC(=N1)N,Carcinogen
C1=CC=C2C(=C1)C(=CN2)CC(C(=O)O)N,Non-Carcinogen
C1=CC=C2C(=C1)C(=CN2)C[C@@H](C(=O)O)N,Non-Carcinogen
C1=CNC(=O)NC1=O,Carcinogen
CN1C(=CC(=O)N(C1=O)C)NCCCN2CCN(CC2)C,Non-Carcinogen
CCOC(=O)N,Carcinogen
CC(=O)OC=C,Carcinogen
CC1=CC=CC(=C1)C=C,Non-Carcinogen
C=CN1CCCC1=O,Carcinogen
CCN(CC1=CC(=CC=C1)S(=O)(=O)[O-])C2=CC=C(C=C2)C(=C3C=CC(=[N+](C)C)C=C3)C4=CC=C(C=C4)N(CC)CC5=CC(=CC=C5)S(=O)(=O)[O-],Carcinogen
C1[C@@H]([C@@H]([C@H]([C@@H]([C@]1(CO)O)O)O)O)NC(CO)CO,Non-Carcinogen
CC1=C(C(C(=C(N1)C)C(=O)OCCC2=CC=C(C=C2)N3CCN(CC3)C(C4=CC=CC=C4)C5=CC=CC=C5)C6=CC(=CC=C6)[N+](=O)[O-])C(=O)OC,Non-Carcinogen
CC1=C(C(=CC=C1)C)NC2=NCCCS2,Non-Carcinogen
CC1=CC(=C(C=C1)N)C,Non-Carcinogen
CC1=CC(=C(C=C1)C)N,Carcinogen
CC1=C/C(=N/NC2=CC=C(C=C2)NC(=O)C)/C(=O)C=C1,Carcinogen
CC(=O)C(C(=O)NC1=CC=CC=C1)N=NC2=C(C=C(C=C2)C3=CC(=C(C=C3)N=NC(C(=O)C)C(=O)NC4=CC=CC=C4)Cl)Cl,Non-Carcinogen
CC1=C(C=CC(=C1)C2=CC(=C(C=C2)NC(=O)C(C(=O)C)N=NC3=C(C=C(C=C3)Cl)Cl)C)NC(=O)C(C(=O)C)N=NC4=C(C=C(C=C4)Cl)Cl,Non-Carcinogen
CC(=O)C(C(=O)NC1=CC(=C(C=C1OC)Cl)OC)N=NC2=C(C=C(C=C2)C3=CC(=C(C=C3)N=NC(C(=O)C)C(=O)NC4=CC(=C(C=C4OC)Cl)OC)Cl)Cl,Non-Carcinogen
C1=CC=C2C(=C1)C3=C4C(=CC=C5C4=C(C=C3)C(=O)C6=CC=CC=C65)C2=O,Non-Carcinogen
C1=CC(=CC=C1N/N=C\2/C(=NN(C2=O)C3=CC=C(C=C3)S(=O)(=O)[O-])C(=O)[O-])S(=O)(=O)[O-],Non-Carcinogen
C1=CC(=CC=C1N/N=C\2/C3=C(C=CC2=O)C=C(C=C3)S(=O)(=O)[O-])S(=O)(=O)[O-],Non-Carcinogen
C1=CC(=C(C=C1[N+](=O)[O-])OCCO)NCCO,Non-Carcinogen
CC1(CC2=C(O1)C(=CC(=C2)Cl)C(=O)NC3C[C@H]4CCC(C3)N4C)C,Non-Carcinogen
C[C@H]1CCCC(=O)CCC/C=C/C2=CC(=CC(=C2C(=O)O1)O)O,Non-Carcinogen
C(C(CO)(CBr)CBr)O,Carcinogen
C1=CC(=C(C=C1C2=CC(=C(C=C2)N/N=C/3\C(=O)C4=C(C=C(C=C4C=C3S(=O)(=O)[O-])S(=O)(=O)[O-])N)O)O)N/N=C/5\C(=O)C6=C(C=C(C=C6C=C5S(=O)(=O)[O-])S(=O)(=O)[O-])N,Carcinogen
C1=CC(=CC=C1C2=CC=C(C=C2)N=NC3=CC(=C(C=C3)[O-])C(=O)[O-])N/N=C/4\C(=O)C=C/C(=N\NC5=C(C=CC(=C5)S(=O)(=O)[O-])[O-])/C4=O,Carcinogen
C=CC=C,Carcinogen
CC(C(=O)[O-])O,Non-Carcinogen
CCCC(CCC)C(=O)[O-],Carcinogen
CC=C,Non-Carcinogen
CCC1=C(C2=CC3=NC(=CC4=NC(=C(C5=NC(=C(C5=C([O-])[O-])C)C=C1[N-]2)CC(=O)[O-])[C@H]([C@@H]4C)CCC(=O)[O-])C(=C3C=C)C)C,Non-Carcinogen
C(O)[P+](CO)(CO)CO,Non-Carcinogen
CC[C@@]1(C[C@@H]2C[C@@](C3=C(CCN(C2)C1)C4=CC=CC=C4N3)(C5=C(C=C6C(=C5)[C@]78CCN9[C@H]7[C@@](C=CC9)([C@H]([C@@]([C@@H]8N6C)(C(=O)OC)O)OC(=O)C)CC)OC)C(=O)OC)O,Non-Carcinogen