NO.,SMILES,Mutagenicity
e1,c1ccc2c(c1)cc3ccc4cccc5ccc2c3c45,1
e3,C1O[C@@H]1[C@H]2CO2,1
e4,Nc1ccc(cc1)c2ccc(N)cc2,1
e5,CCCCC(CC)COC(=O)c1ccccc1C(=O)OCC(CC)CCCC,0
e6,Nc1ccc2cc3ccccc3cc2c1,1
e7,CC(=O)Nc1ccc2c(Cc3ccccc23)c1,1
e8,[O-]C(=O)c1ccccn1,0
e9,c1ccc2cc3ccccc3cc2c1,1
e10,Cc1ccccc1N,0
e11,COc1cc(CNC(=O)CCCC\C=C\C(C)C)ccc1O,0
e12,[O-]C(=O)CN(CC([O-])=O)CC([O-])=O,0
e13,Nc1ccccc1,0
e15,Cc1ccc(N)cc1N,1
e16,O=NN1CCCC1,1
e17,CC(=O)Oc1ccccc1C(O)=O,0
e18,ClC(Cl)(Cl)SN1C(=O)C2CC=CCC2C1=O,1
e19,Nc1ccc(N)cc1,1
e21,ClCC1CO1,1
e22,C=Cc1ccccc1,0
e23,C=CC(=O)OCCOC(=O)C=C,0
e24,CC(CN1c2ccccc2Sc3ccccc13)N(C)C,0
e25,Oc1cccc2cccnc12,1
e26,Cc1c2ccccc2c(C)c3c4ccccc4ccc13,1
e28,CO[P](=O)(OC)C(O)C(Cl)(Cl)Cl,0
e29,COc1ccc2nccc([C@H](O)[C@H]3C[C@@H]4CCN3C[C@@H]4C=C)c2c1,0
e30,CCC1CO1,1
e31,ClCC(Br)CBr,1
e32,Cc1ccc(N)cc1,0
e33,CC(O)CN,0
e34,[S-]C(=S)NCCNC([S-])=S,0
e35,OCC1CO1,1
e37,OC1OC(=O)C(=C1C(Cl)Cl)Cl,1
e38,CCO[S](C)(=O)=O,1
e39,CCOc1ccc(NC(C)=O)cc1,0
e40,ClC1=C(Cl)C2(Cl)C3CO[S](=O)OCC3C1(Cl)C2(Cl)Cl,0
e41,COc1cc(ccc1N)c2ccc(N)c(OC)c2,1
e42,NNc1nncc2ccccc12,1
e43,CC1CC(C)(C)c2cc(C(C)=O)c(C)cc2C1(C)C,0
e44,CC(O)CN(CC(C)O)N=O,1
e45,Nc1ccc(Cl)cc1,1
e46,CC(=C)CCl,0
e48,CCCCC(CC)CO,0
e49,CCCCC(CC)COC(=O)c1ccc(N(C)C)c(c1)[N+]([O-])=O,1
e50,OC1N=C(c2ccccc2)c3cc(Cl)ccc3NC1=O,0
e51,O=NN1CCCC1c2cccnc2,1
e52,COc1ccc(\C=C\C)cc1,0
e53,CC1(C)[C@@H](C=C(Cl)Cl)[C@H]1C(=O)OCc2cccc(Oc3ccccc3)c2,0
e54,CC(O)CN(C)N=O,1
e55,CCC(CO)[N+]([O-])=O,0
e56,CC(C)=CC1C(C(=O)OC2CC(=O)C(=C2C)CC=C)C1(C)C,1
e58,CC(O)CN(CC(C)=O)N=O,1
e59,CCCCC(CC)C(O)=O,0
e60,[O-][S](=O)(=O)c1ccc(N\N=C2\C(=O)C=Cc3cc(ccc23)[S]([O-])(=O)=O)cc1,0
e61,Nc1ccc(Cl)c(Cl)c1,0
e62,CC(CN(CC(C)OC(C)=O)N=O)OC(C)=O,1
e63,Nc1c2ccccc2nc3ccccc13,1
e64,CCCCC(CC)COC(=O)c1ccccc1C(O)=O,0
e65,OC(=O)c1cc2ccccc2cc1O,0
e66,CCCCC/C=C\C\C=C/CCCCCCCC(O)=O,0
e67,C1OC1c2ccccc2,1
e68,CNC(=O)Oc1ccc2[NH+](C)[C@H]3[NH+](C)CC[C@@]3(C)c2c1,0
e69,Oc1cc(O)c2C(=O)C=C(Oc2c1)c3ccc(O)c(O)c3,0
e70,[O-]C(=O)C=C,0
e71,COc1cc(NC(C)CCCN)c2ncccc2c1,1
e72,Nc1ccc(cc1Cl)c2ccc(N)c(Cl)c2,1
e73,Cc1ccc(O)cc1,0
e74,O=C=Nc1ccc(Cc2ccc(cc2)N=C=O)cc1,0
e77,NC(CS)C(O)=O,1
e79,CCCCCCCCCCCCCCCCC1CO1,0
e80,COc1cccc2C(=O)c3c(O)c4C[C@](O)(C[C@H](O[C@H]5C[C@H](N)[C@H](O)[C@H](C)O5)c4c(O)c3C(=O)c12)C(=O)CO,1
e81,Cc1cccc(C)c1,0
e82,ClC\C=C/Cl,1
e83,CC(C)=CC1C(C(=O)OCc2coc(Cc3ccccc3)c2)C1(C)C,0
e85,CC(=O)CC(C)=O,1
e86,NC(CCC(O)=O)C([O-])=O,0
e87,COc1cc(\C=C\C(=O)CC(=O)\C=C\c2ccc(O)c(OC)c2)ccc1O,0
e89,Cc1cc(ccc1N)c2ccc(N)c(C)c2,1
e90,CC(=O)N[C@H]1[C@H](O)O[C@H](CO)[C@@H](O)[C@@H]1O[C@@H]2O[C@@H]([C@@H](O[C@@H]3O[C@H](CO)[C@@H](O)[C@H](O[C@@H]4O[C@@H]([C@@H](O)[C@H](O)[C@H]4O)C(O)=O)[C@H]3NC(C)=O)[C@H](O)[C@H]2O)C(O)=O,0
e91,CCOCCCl,1
e94,O=C=NCCCCCCN=C=O,0
e95,CCCCC(CC)COC(=O)CCCCC(=O)OCC(CC)CCCC,0
e96,OCC(O)C1OC(=C(O)C1=O)O,0
e97,C=CC1CCC=CC1,0
e98,CC(O)c1ccccc1,0
e100,Nc1ccc(NCCO)c(c1)[N+]([O-])=O,1
e102,ClC(Cl)C(Cl)(Cl)SN1C(=O)C2CC=CCC2C1=O,1
e103,Oc1ccc(O)c2C(=O)c3ccccc3C(=O)c12,1
e106,c1ccc2c(c1)ccc3ccccc23,0
e107,CC(CCl)O[P](=O)(OC(C)CCl)OC(C)CCl,0
e108,[O-][N+](=O)c1cc2c3ccccc3ccc2c4ccccc14,1
e109,CC(CC(O)=O)C(O)=O,0
e110,CN(C)N\N=C/1N=CN=C1C(N)=O,1
e111,c1cc2ccc3cccc4ccc(c1)c2c34,1
e112,CCCCC(CC)COCC1CO1,0
e113,CC/C=C/C=C/C=C/C=C/C=C/OC[C@@H](O)CO,1
e114,CCC(C)Nc1ccc(NC(C)CC)cc1,0
e115,COc1ccccc1N,1
e116,O[C@H]1C=Cc2cc3ccc4cccc5ccc(c2[C@@H]1O)c3c45,1
e117,COC(=O)C(C1CCCCN1)c2ccccc2,0
e118,CN1CCC(C1)CN2c3ccccc3Sc4ccccc24,0
e119,CC(=C)CC(C)(C)C,0
e120,COc1cc(ccc1N\N=C/2C(=O)c3c(N)cc(cc3C=C2[S]([O-])(=O)=O)[S]([O-])(=O)=O)c4ccc(N\N=C/5C(=O)c6c(N)cc(cc6C=C5[S]([O-])(=O)=O)[S]([O-])(=O)=O)c(OC)c4,1
e121,CCCCC(CC)CNCC(CC)CCCC,0
e122,CCCCC(CC)CN,0
e124,OC(=O)CN(CCN(CC([O-])=O)CC([O-])=O)CC([O-])=O,0
e125,OC(C#N)c1ccccc1,0
e126,CC1CCC(CC1)C(C)C,0
e127,N[C@@H](CSC(/Cl)=C/Cl)C(O)=O,1
e128,CC(C)[C@@H]1CC[C@@H](C)C[C@H]1O,0
e129,CCCCCCCCCCCCC1CO1,0
e130,ClC1=C(Cl)C2(Cl)C3C4CC(C5OC45)C3C1(Cl)C2(Cl)Cl,0
e132,ClC1C=CC2C1C3(Cl)C(=C(Cl)C2(Cl)C3(Cl)Cl)Cl,0
e133,CCCCC(CC)COC(=O)CCCCCCCCC(=O)OCC(CC)CCCC,0
e134,C1CCC2OC2C1,1
e135,[O-]C(=O)c1ccccn1,0
e136,CCC(C)c1ccccc1O,0
e137,CCCCC(CC)COCCC#N,0
e138,Cc1ccc(N)cc1,0
e139,CC1CO1,1
e141,C\1C\C=C/CC\C=C1,0
e142,CCCCC(CC)COCCCN,0
e143,C1C=CC2C3CC(C=C3)C12,0
e144,C[C@]12CC[C@H]3[C@@H](CCc4cc(O)ccc34)C15CC[C@]2(O)[C@@H](O)C5,0
e145,Nc1c2ccccc2nc3ccccc13,1
e146,CCCCC(CC)C=O,0
e147,CCCCCCCCCCCCCCCCCC([O-])=O,1
e149,OCC(Cl)CCl,1
e150,Oc1cc(Cl)ccc1Oc2ccc(Cl)cc2Cl,0
e151,O=C1NN=CC(=O)N1,1
e153,ClC1=C(Cl)C(=O)C2=C(C(=O)C=CC2=O)C1=O,1
e154,OC(=O)c1ccccc1O,0
e155,CCCCCCCCCCCCOCC1CO1,0
e156,O=C(OCC1CO1)c2cccc(c2)C(=O)OCC3CO3,1
e157,CCCCC1C(=O)N(N(C1=O)c2ccc(O)cc2)c3ccccc3,0
e160,CCc1cccc(CC)c1N(COC)C(=O)CCl,1
e161,C[C@](N)(Cc1ccc(O)c(O)c1)C(O)=O,0
e162,COc1ccccc1O,0
e163,C1OC1COc2cccc(OCC3CO3)c2,1
e166,CCOC(=O)CC(S[P](=S)(OC)OC)C(=O)OCC,0
e167,CCCCCCCCOC(=O)C(C)=C,0
e170,OC(=O)C1=CN(C2CC2)c3cc(N4CCNCC4)c(F)cc3C1=O,1
e171,OC(=O)CCCl,1
e172,CCOC(=O)CC(=O)OCC,0
e173,[O-]CC(=O)Oc1ccc(Cl)cc1Cl,0
e174,[O-]C(=O)c3cccnc3Nc4cccc(c4)C(F)(F)F,0
e175,Nc1cccc(N)c1,1
e176,Cc1cc(c(N)cc1Cl)[S](O)(=O)=O,0
e178,[S-]C(=S)NCCNC([S-])=S,0
e179,CC(C)(C)c1ccc(cc1)C(O)=O,0
e180,CC(O)CC(C)(C)O,0
e181,CC#C,0
e182,NC(Cc1ccc(O)c(c1)[N+]([O-])=O)C(O)=O,0
e183,CC(C)C#N,1
e184,OCC(Br)CBr,1
e185,CO[P](=S)(OC)Oc1ccc(Sc2ccc(O[P](=S)(OC)OC)cc2)cc1,1
e186,[O-][S](=O)(=O)c1ccc(C=C)cc1,0
e187,NC(CC(O)=O)C(O)=O,0
e188,c1ccc2c(c1)c3cccc4cccc2c34,1
e189,CCC1NC(=O)c2cc(c(Cl)cc2N1)[S](N)(=O)=O,0
e191,OC(=O)\C=C\C(O)=O,0
e192,CC(CCN(C)C)N(C)C,0
e193,O[C@H]1CC(=O)c2c(O)ccc3c4ccc(O)c5C(=O)CC[C@@](O)([C@H]1c23)c45,1
e194,[S-]C(=S)NCCNC([S-])=S,0
e195,FC(F)(F)c1ccc(Cl)c(Cl)c1,0
e196,OC(=O)CCSCCC(O)=O,0
e197,[O-]C(=O)c1cccnc1Nc2cccc(c2)C(F)(F)F,0
e198,CCC(C)C(C)CO,0
e199,CC(=O)OCC(COC(C)=O)OC(C)=O,0
e200,[cH-]1cccc1,1
e201,OCC1OC(CC1O)N2C=C(I)C(=O)NC2=O,0
e202,CCO[P](=O)(NC(C)C)Oc1ccc(SC)c(C)c1,0
e203,CCCCCCCCCC/C=C/C1CC(=O)OC1=O,0
e204,CCCCCCCCC1CO1,0
e205,CC1(C)[C@H]2CC[C@](C)(C2)C1=O,0
e207,Cc1cc2N=C3C(=O)NC(=O)N=C3N(CC(O)C(O)C(O)CO)c2cc1C,0
e208,CC(O)CCC(=O)c1cocc1,0
e211,Clc1nnc(Cl)c2ccccc12,0
e213,CCCCCCCCCCC1CO1,0
e214,OCC(O)CCl,1
e216,CC/C(c1ccccc1)=C(c2ccccc2)/c3ccc(OCCN(C)C)cc3,0
e217,[cH-]1cccc1,0
e219,NC1=NC(=O)N(C=N1)C2OC(CO)C(O)C2O,0
e221,CCN1C=C(C(O)=O)C(=O)c2cc(F)c(cc12)N3CCNCC3,1
e222,[O-]C(=O)CN(CCN(CC([O-])=O)CC([O-])=O)CC([O-])=O,0
e223,CCC1CCC(CCC([O-])=O)C1,0
e224,Cc1cccc(N)c1,0
e225,CC[C@]12CC[C@H]3[C@@H](CCC4=CC(=O)CC[C@H]34)[C@@H]1CC[C@@]2(O)C#C,0
e226,ClNc1nc(NCl)nc(NCl)n1,0
e229,Cc1cc(N\N=C\2C(=O)C=Cc3ccccc23)c(cc1Cl)[S]([O-])(=O)=O,0
e230,CCN1CCN(C(=O)N[C@H](C(=O)N[C@H]2[C@H]3SC(C)(C)[C@@H](N3C2=O)C([O-])=O)c4ccccc4)C(=O)C1=O,0
e231,C\C=C/C=C/C=O,1
e232,CC(=C)C(=O)OCC1CO1,1
e233,CC(O)CN(C)c1ccc(NN)nn1,1
e234,O=C1N(CC2CO2)C(=O)N(CC3CO3)C(=O)N1CC4CO4,1
e235,CN(C)C([S-])=S,1
e236,CC(C)NCC1CCc2cc(CO)c(cc2N1)[N+]([O-])=O,1
e237,CN(C)c1ccc(cc1)N=N[S]([O-])(=O)=O,1
e238,CCN(C)C(=O)Oc1ccc2N(C)C3N(C)CCC3(C)c2c1,0
e239,OCC(O)C(O)C(O)C(O)CO,0
e240,N[C@@H](CCC([O-])=O)C(O)=O,0
e241,N[C@@H](CCC([O-])=O)C([O-])=O,0
e242,N[C@@H](CCC([O-])=O)C([O-])=O,0
e243,CC1(C)[C@@H](C=C(Br)Br)[C@H]1C(=O)O[C@H](C#N)c2cccc(Oc3ccccc3)c2,0
e244,CC(=O)Nc1ccc(Oc2c(Cl)cc(Cl)cc2Cl)cc1,1
e245,CCO[P](=O)(OCC)OCC,0
e246,Nc1ccc2[nH]c3ccccc3c2c1,1
e247,CC1OC1C,1
e248,CCCC(O)C(CC)CO,0
e249,Cc1ccc(cc1)[S](=O)(=O)Oc2ccc(cc2)N=Nc3ccc(cc3C)c4ccc(N\N=C5\C(=O)C=Cc6cc(cc(c56)[S]([O-])(=O)=O)[S]([O-])(=O)=O)c(C)c4,1
e250,CCCCCCCCCCCCCCCCCC(O)=O,0
e251,[O-]C(=O)c1ccccc1,0
e252,COc1cc(ccc1N\N=C\2C(=O)c3c(O)cc(cc3C=C2[S]([O-])(=O)=O)[S]([O-])(=O)=O)c4ccc(N\N=C\5C(=O)c6c(O)cc(cc6C=C5[S]([O-])(=O)=O)[S]([O-])(=O)=O)c(OC)c4,0
e253,O=C[CH-]C=O,0
e254,CCN(CC)C(=O)Nc1ccc(OCC(O)CNC(C)(C)C)c(c1)C(C)=O,0
e255,ClC1C2(Cl)C3C4C5OC5C6C4C1(Cl)C(Cl)(C36)C2(Cl)Cl,0
e256,CC(=O)C(N=Nc1ccc(cc1Cl)c2ccc(N=NC(C(C)=O)C(=O)Nc3ccccc3)c(Cl)c2)C(=O)Nc4ccccc4,0
e257,CN1CC[C@]2(C)[C@H]1N(C)c3ccc(O)cc23,0
e258,OC(=O)\C=C\C=C\C(O)=O,0
e259,[O-][S](=O)(=O)c1c(N\N=C\2C(=O)C=Cc3ccccc23)ccc4ccccc14,1
e260,COc1cc2O[C@H]3OC=C[C@H]3c2c4Oc5cccc(O)c5C(=O)c14,1
e261,CCOc1ccc(cc1)N=Nc2ccc(cc2C)c3ccc(N\N=C4/C(=O)C=Cc5cc(cc(c45)[S]([O-])(=O)=O)[S]([O-])(=O)=O)c(C)c3,1
e262,CC1(C)CC(CC(C)(CN=C=O)C1)N=C=O,0
e263,CCO[P](Cl)(=S)OCC,1
e264,C=CC1CO1,1
e265,CCCCC(CC)CO[P](=O)(OCC(CC)CCCC)OCC(CC)CCCC,0
e266,CC(Cl)CCCC(Cl)CCCC(Cl)CCCC(Cl)CCCC(Cl)CCCC(Cl)CCCl,0
e267,O=C1NNC(=O)C=C1,0
e268,CC1(C)S[C@@H]2[C@H](NC(=O)COc3ccccc3)C(=O)N2[C@H]1C([O-])=O,0
e269,CCN(CC)CCCC(C)Nc1c2ccc(Cl)cc2nc3ccc(OC)cc13,1
e270,Nc1ccc(\C=C\c2ccc(N)cc2[S]([O-])(=O)=O)c(c1)[S]([O-])(=O)=O,0
e271,S=C1N=CNc2nc[nH]c12,1
e272,CC(C)CCC(C)Nc1ccc(NC(C)CCC(C)C)cc1,0
e273,CCCCCCCCCCCCCCC1CO1,0
e274,CN(C)CC(=C)C(=O)c1ccccc1,1
e275,CN(C)[C@H]1[C@@H]2[C@@H](O)[C@H]3C(=C(O)c4c(O)cccc4[C@@]3(C)O)C(=O)[C@]2(O)C(=O)\C(=C(N)/O)C1=O,0
e276,CC(C)(C)c1ccc(OCC2CO2)cc1,1
e277,CCC(C)ON=O,1
e278,CC=C(Cl)Cl,0
e279,CC(C)CCC[C@@H](C)[C@H]1CC[C@H]2\C(CCC[C@]12C)=C\C=C3\C[C@@H](O)CCC3=C,0
e280,CCCCC(CC)COC(=O)C=C,0
e281,CC(C)CCC[C@@H](C)[C@H]1CC[C@H]2[C@@H]3CC=C4C[C@H](CC[C@]4(C)[C@H]3CC[C@]12C)OC(=O)Cc5ccc(cc5)N(CCCl)CCCl,0
e282,Cc1c(N)cccc1N,1
e284,CCN(Cc1cccc(c1)[S]([O-])(=O)=O)c2ccc(cc2)[C+](c3ccc(cc3)N(CC)Cc4cccc(c4)[S]([O-])(=O)=O)c5ccccc5[S]([O-])(=O)=O,0
e286,Clc1ccc(COC(Cn2ccnc2)c3ccc(Cl)cc3Cl)cc1,0
e287,CCOC(=O)C1OC1(C)c2ccccc2,0
e288,CCCCC(CC)COC(=O)/C=C/c1ccc(OC)cc1,0
e290,CC(=C)C1CC=C(C)C(O)C1,0
e292,CN(C)CCC(c1ccccc1)c2ccccn2,0
e293,CCNNCC,0
e294,N[C@H](Cc1ccccc1)C(O)=O,0
e295,[O-][N+](=O)c1ccc(Nc2ccc(Nc3ccccc3)c(c2)[S]([O-])(=O)=O)c(c1)[N+]([O-])=O,1
e296,[O-][S](=O)(=O)c1cc2C=CC(=O)\C(=N/Nc3ccccc3)c2c(c1)[S]([O-])(=O)=O,0
e297,C/C=C/C=O,1
e298,[O-]C(=O)\C=C/C([O-])=O,1
e299,[O-][N+](=O)c1ccc(\C=C\c2ccccc2)cc1,1
e300,CCCCCCCCCCCC(=O)OCC[S]([O-])(=O)=O,0
e301,CC1CC(OC(C)O1)OC(C)=O,1
e302,COc1cc(OC)c(\C=C/C)cc1OC,1
e303,CC(CS)C1CCC(C)C(S)C1,0
e305,CC(=O)[CH-]C(=O)c1ccccc1,0
e306,C=CCOCC1CO1,1
e307,Brc1ccccc1c2ccccc2,0
e308,O1C2C=CC=CC12,1
e309,CC1CC(CC(C)(C)C1)OC(=O)c2ccccc2O,0
e310,CC(COc1ccccc1)N(CCCl)Cc2ccccc2,1
e311,CC(O)CO,0
e312,BrCC(Br)C1CCC(Br)C(Br)C1,0
e313,OC(=O)CN(CCN(CC(O)=O)CC(O)=O)CC(O)=O,0
e314,c1ccc(cc1)\C=C/c2ccccc2,0
e316,BrCC(Br)CO[P](=O)(OCC(Br)CBr)OCC(Br)CBr,1
e317,CN1C(CSCC(F)(F)F)Nc2cc(Cl)c(cc2[S]1(=O)=O)[S](N)(=O)=O,0
e318,CC1COc2c(N3CCN(C)CC3)c(F)cc4C(=O)C(=CN1c24)C(O)=O,1
e320,Nc1nc(N)nc(n1)c2ccccc2,0
e321,OC(=O)c1ccccn1,0
e322,CC(=O)NC[C@H](O)COc1cccc2ccccc12,1
e323,CCCCC(CC)CO[P](=O)(Oc1ccccc1)Oc2ccccc2,0
e324,OC(=O)C1C(C(O)=O)C2(Cl)C(=C(Cl)C1(Cl)C2(Cl)Cl)Cl,0
e325,CC(=O)Nc1cccc(N)c1,1
e326,Nc1cc(Cl)c(cc1O)[N+]([O-])=O,1
e327,CC(O)CNCC(C)O,0
e328,C1CCC(CC1)[NH2+]C2CCCCC2,1
e329,CC([O-])C[N+](C)(C)NC(=O)C(C)=C,0
e330,C[C@@H]1[C@@H](OC(=O)\C=C\C=C\c2ccccc2)[C@@]3(OC4(O[C@@H]3[C@@H]5[C@@H]6OC6(CO)[C@@H](O)[C@@]7(O)[C@@H](C=C(C)C7=O)[C@@]15O4)c8ccccc8)C(C)=C,0
e331,CCC(O)CN,0
e332,CCCCCCCC\C=C/CCCCCCCC(O)=O,0
e333,CCC(C(N)=O)(C(N)=O)c1ccccc1,0
e334,CCN(CC)CCCC(C)Nc1c2ccc(Cl)cc2nc3ccc(OC)cc13,1
e335,CCCCC(CC)COP(OCC(CC)CCCC)OCC(CC)CCCC,0
e337,CCCCCc1cc(O)c2[C@@H]3C=C(C)CC[C@H]3C(C)(C)Oc2c1,0
e338,CCCCC(CC)COC(=O)c1ccc(C(=O)OCC(CC)CCCC)c(c1)C(=O)OCC(CC)CCCC,0
e339,CC(C)CCC[C@@H](C)CCC[C@@H](C)CCC[C@]1(C)CCc2c(C)c(OC(=O)CCC(O)=O)c(C)c(C)c2O1,0
e341,CCC(C)N,0
e342,CCCC(C)(COC(N)=O)COC(=O)NC(C)C,0
e343,CCC(Cl)CC(Cl)C(Cl)C(Cl)C(Cl)C(C)Cl,0
e344,NC1CCC(CC1)CC2CCC(N)CC2,0
e345,OC\C(Br)=C(Br)\CO,1
e346,BrCC(Br)COC(=O)C=C,1
e347,CC(=C)C(=O)OCC(Br)CBr,1
e348,CC(C)CC(C)N,0
e349,CC(C)CC(C)Nc1ccc(Nc2ccccc2)cc1,0
e350,CCCCCCCCC\C=C\CC1CC(=O)OC1=O,0
e351,CN(C)CCOC(C)(c1ccccc1)c2ccccn2,0
e352,CCCCC(CC)COC(=O)C(C#N)=C(c1ccccc1)c2ccccc2,0
e353,NC(Cc1ccc(F)cc1)C(O)=O,0
e354,BrC1CC(Br)CC(Br)CC(Br)CC(Br)CC(Br)C1,0
e355,CCC(O)OC(O)CC,0
e356,CC(C)=CCCC(C)(OC(=O)c1ccccc1N)C=C,0
e357,CC(C)(N)C1CCC(C)(N)CC1,0
e358,CCCCC(CC)CO[S]([O-])(=O)=O,0
e361,CC(N)CN,0
e362,CC(O)CN(CC(C)O)CC(C)O,0
e364,CCCCCCCCCCCCO[S]([O-])(=O)=O,0
e365,Nc1ccc2cc3ccc(N)cc3nc2c1,1
e366,[O-][N+](=O)c1ccc2c(ccc3cc(ccc23)[N+]([O-])=O)c1,1
e367,CC(O)C(C)=O,0
e368,CN(C)c1ccc(C)cc1,1
e369,Nc1ccc(Cc2ccc(N)cc2)cc1,1
e370,C1CC2OC2CC1C3CO3,1
e371,CC1(C)CO1,1
e372,CC(C)(c1ccc(OCC2CO2)cc1)c3ccc(OCC4CO4)cc3,1
e373,CC(O)CBr,1
e374,CCC(C(CC)c1ccc(O)cc1)c2ccc(O)cc2,0
e375,CNCC(O)c1ccc(O)c(O)c1,0
e377,CC1(C)CON(Cc2ccccc2Cl)C1=O,0
e378,CC(C)CCCCCCOC(=O)c1ccccc1C(=O)OCCCCCCC(C)C,0
e380,[O-]C(=O)\C=C/C([O-])=O,0
e381,CC(Br)C(O)=O,1
e382,CCOC(=O)C1(CCCCCCOCc2sccc2)CO1,1
e383,O[C@H]([C@@H](O)C([O-])=O)C([O-])=O,0
e384,[O-][S](=O)(=O)c1ccc(cc1)N=Nc2ccc(N\N=C\3C(=O)c4ccc(NC(=O)c5ccccc5)cc4C=C3[S]([O-])(=O)=O)cc2,0
e385,[O-][N+](=O)c1cc2CCCC(=O)c2c3ccccc13,1
e386,Cc1cccc(OCC(O)CNC(C)(C)C)c1C,0
e387,Nc1cc(cc2cc(cc(O)c12)[S]([O-])(=O)=O)[S](O)(=O)=O,0
e388,OC(=O)COc1ccc(Cl)cc1Cl,0
e389,O=C1NN=CC(=O)N1,1
e390,CO[P](=O)(OC)OC(=C/Cl)/c1cc(Cl)c(Cl)cc1Cl,0
e391,CC(C)=CC1C(C(=O)OC(C#N)c2cccc(Oc3ccccc3)c2)C1(C)C,0
e392,ClC(Cl)(Cl)C1CO1,1
e393,CCCCCCCCCCCCCCCCCCCCCCO,0
e395,CC1(C)[C@@H](C(Br)C(Br)(Br)Br)[C@H]1C(=O)O[C@H](C#N)c2cccc(Oc3ccccc3)c2,0
e396,CCOCC(O)COc1ccc(NC(=O)CC[S+](C)C)cc1,0
e399,CC(Br)(CBr)CBr,0
e400,COC(=O)[C@H]1O[C@H]1c2ccccc2,0
e401,O=C1CN(CC2N1CCc3ccccc23)C(=O)C4CCCCC4,0
e402,C[C@]12C=CC3=C4CCC(=O)C=C4CC[C@H]3[C@@H]1CC[C@H]2O,0
e403,Nc1cccc2cccc(c12)[S](O)(=O)=O,1
e404,[O-]C(=O)CN(CCN(CC([O-])=O)CC([O-])=O)CCN(CC([O-])=O)C(COCc1ccccc1)C([O-])=O,0
e405,CN(C)c1ccc(cc1)N=Nc2cccnc2,0
e406,Cc1ccc(N)cc1Cl,0
e407,OC(=O)COc1ccc(Cl)cc1Cl,0
e408,Cc1cc(N)cc(C)c1N,0
e409,[O-]C(=O)COc1ccc(Cl)cc1Cl,0
e411,CC1=CC=CN2C(=O)C(=CN=C12)c3[n-]nnn3,0
e412,CN(CC(O)CO)N=O,1
e413,Nc1c(cc(c2C(=O)c3ccccc3C(=O)c12)[N+]([O-])=O)C(O)=O,1
e415,Cc1c(cc(NO)cc1[N+]([O-])=O)[N+]([O-])=O,1
e416,NCCc2c[nH]c3ccc(O)cc23,0
e417,CC(S)C(=O)NCC(O)=O,0
e418,Cc1cc(Cl)ccc1N,1
e419,CCOC(=O)Nc1cccc2C(CN(C)Cc12)c3ccc(Cl)cc3,0
e420,CC(C)C[C@@H]1N2C(=O)[C@](NC(=O)[C@@H]3C[C@H]4[C@@H](Cc5c[nH]c6cccc4c56)N(C)C3)(O[C@@]2(O)[C@@H]7CCCN7C1=O)C(C)C,0
e421,ClCCCCl,0
e422,CC(=O)OC(C)(C)C,0
e423,COc1ccc(cc1)C(O)(C2CC2)c3cncnc3,0
e424,[O-]C(=O)\C=C/C([O-])=O,0
e425,OCCC(CCO)O[P]([O-])([O-])=O,0
e426,CCCCCCOCCOCCO,0
e427,CCN(CC)c1ccc(cc1)N=Nc2c(Cl)cc(cc2[N+]([O-])=O)[N+]([O-])=O,1
e428,C[C@H](CCC(=O)NCC[S](O)(=O)=O)[C@H]1CC[C@H]2[C@@H]3C[C@H](O)[C@@H]4C[C@H](O)CC[C@]4(C)[C@H]3CC[C@]12C,0
e430,Nc1ccc(cc1)\C=C\c2ccccc2,1
e431,CC(=O)Nc1ccc2[nH]c3ccccc3c2c1,1
e432,Cc1cc(N)c(C)cc1N,1
e433,CC1(C)C(C=C(Cl)Cl)C1C(=O)OC(C#N)c2cccc(Oc3ccccc3)c2,0
e434,C[N+]1([O-])CCC[C@H]1c2cccnc2,0
e435,CN1c2ccccc2C(=O)c3c(O)cc4OC(Cc4c13)C(C)(O)CCl,1
e436,Oc1ccc2cc(cc(c2c1)[S]([O-])(=O)=O)[S]([O-])(=O)=O,0
e437,Cc1cc(ccc1N=C=O)c2ccc(N=C=O)c(C)c2,1
e438,CCC1C(=NN=C(c2ccc(OC)c(OC)c2)c3cc(OC)c(OC)cc13)C,0
e439,C[C@]1(O)CC[C@H]2[C@@H]3CCC4=CC(=O)CC[C@]4(C)[C@@]3(F)[C@@H](O)C[C@]12C,0
e440,C[S](=O)(=O)C=C,0
e441,s1ccc2c1ccc3ccc4ccccc4c23,1
e442,OC(=O)CCCOc1ccc(Cl)cc1Cl,0
e443,CCCC[N+]([O-])=O,0
e444,OC(=O)/C=C/c1ccccc1[N+]([O-])=O,0
e449,CC(=O)Nc1ccc2[nH]c3ccccc3c2c1[N+]([O-])=O,1
e450,CC(=O)Nc1cc2c([nH]c3ccccc23)cc1[N+]([O-])=O,1
e451,CC(C)NCC(O)COc1cccc2CC(COc12)O[N+]([O-])=O,0
e452,Nc1ccc(NC(=O)c2ccc(N)cc2)cc1,1
e453,CCOC(=O)CC(S[P](=O)(OC)SC)C(=O)OCC,0
e454,CC(C)C1CCC(C)CC1=O,1
e455,OC(=O)COc1ccc(Cl)cc1Cl,0
e457,CC(=O)Nc1ccc2c([nH]c3ccccc23)c1,1
e458,CCC1(C(=O)NC(=O)[N-]C1=O)c2ccccc2,1
e459,CN(C)CCCN1c2ccccc2Sc3ccc(Cl)cc13,0
e460,OC(=O)\C(Cl)=C(C=O)\C(Cl)Cl,1
e461,Cc1c2ccccc2cc3c4ccccc4C5NC5c13,1
e462,NCC(=O)CCC(O)=O,1
e463,NC(=O)c1cccc2cccnc12,1
e464,CN1c2ccccc2C(=O)c3c(O)cc4OC(Cc4c13)C(C)=C,1
e465,ClC1=C(Cl)C2(Cl)[C@@H]3CO[S](=O)OC[C@@H]3[C@@]1(Cl)C2(Cl)Cl,0
e466,CC(C)(C)N,1
e468,[O-]C(=O)C2(CCC2)C([O-])=O,0
e470,C=CC(=O)N(CC1CO1)CC2CO2,1
e471,CC(=O)OCCO,0
e472,CC[C@H](C)[C@H](NC(=O)[C@@H](NC(=O)[C@H](CCC(O)=O)NC(=O)[C@H](CC(C)C)NC(=O)[C@H](CCSC)NC(=O)[C@H](CCCCN)NC(=O)[C@H](CCCNC(N)=N)NC(=O)[C@H](CC(N)=O)NC(=O)[C@H](CO)NC(=O)[C@H](Cc1[nH]cnc1)NC(=O)[C@H](C)NC(=O)[C@H](CCC(N)=O)NC(=O)[C@H](CCC(N)=O)NC(=O)[C@H](C)NC(=O)[C@H](CC(C)C)NC(=O)[C@H](CCC(N)=O)NC(=O)[C@H](CCC(O)=O)NC(=O)[C@H](C)NC(=O)[C@H](CCCNC(N)=N)NC(=O)[C@H](C)NC(=O)[C@H](CCSC)NC(=O)[C@H](CCC(O)=O)NC(=O)[C@H](CC(C)C)NC(=O)[C@@H](NC(=O)[C@H](CCC(O)=O)NC(=O)[C@H](CCCNC(N)=N)NC(=O)[C@H](CC(C)C)NC(=O)[C@H](CC(C)C)NC(=O)[C@H](Cc2[nH]cnc2)NC(=O)[C@H](Cc3ccccc3)NC(=O)[C@@H](NC(=O)[C@H](CC(C)C)NC(=O)[C@H](CC(O)=O)NC(=O)[C@H](CC(C)C)NC(=O)[C@H](CO)NC(=O)[C@@H](NC(=O)[C@@H]4CCCN4C(=O)[C@@H]5CCCN5C(=O)[C@H](CCC(O)=O)NC(=O)[C@H](CCC(O)=O)NC(=O)[C@@H](N)CO)[C@@H](C)CC)[C@@H](C)O)C(C)C)[C@@H](C)CC)C(O)=O,0
e473,NNc1nnc(NN)c2ccccc12,1
e474,CCOC(=O)CC1OCCc2c1[nH]c3c(CC)c(O)ccc23,1
e475,ClC1=C(Cl)C2(Cl)[C@H]3CO[S](=O)OC[C@H]3[C@]1(Cl)C2(Cl)Cl,0
e476,OCC1SCCN1N=O,1
e478,CC(=O)OCc1c(O)c(C(O)=O)c(C)c2Oc3c(C=O)c(O)cc(C)c3C(=O)Oc12,1
e479,OC1=CC=C(O)C2C1C(=O)c3c(O)ccc(O)c3C2=O,1
e480,ClCC(Cl)COCC(Cl)CCl,1
e481,CC1=C(C(c2cccc(c2)[N+]([O-])=O)C(=C(C)N1)[P]3(=O)OCC(C)(C)CO3)C(=O)OCCN(Cc4ccccc4)c5ccccc5,0
e483,CC[S](=O)(=O)N1N=CC(=C(Cl)C1=O)Cl,1
e484,C[C@@H]1COc2c(N3CCN(C)CC3)c(F)cc4C(=O)C(=CN1c24)C(O)=O,0
e486,[O-][N+](=O)c1ccc(cc1)[S](=O)(=O)N2N=CC(=C(Cl)C2=O)Cl,1
e489,CC(N)c1ccccc1,1
e490,CC(C)(C)NC[C@@H](O)COc1ccccc1C2CCCC2,1
e491,COC(=O)C1=C(C)NC(=C(C1c2ccccc2[N+]([O-])=O)C(=O)OCC(C)=O)C,0
e492,NC(=O)CN1CC(O)CC1=O,0
e493,CC(C)c1ccccc1O,0
e495,OC(CC(O)=O)C(O)=O,0
e496,CC(O)C(O)=O,0
e497,CCCCCCCCCCCCCCCCCC(O)=O,0
e499,OC[C@H]1OC(O[C@H]2[C@H](O)[C@@H](O)C(O[C@@H]2CO)O[C@H]3[C@H](O)[C@@H](O)[C@@H](O)O[C@@H]3CO)[C@H](O)[C@@H](O)[C@@H]1O,0
e500,CCC(=O)N(O)c1ccc(Cl)c(Cl)c1,0
e501,[NH3+]CCCCCCCCCCCC([O-])=O,0
e502,CC1(C)C[C@H]2[C@H](O)[C@]3(C)C[C@]3(C=O)C(=C2C1)C=O,1
e503,Nc1snc2ccccc12,1
e504,O=C1OCCO1,0
e505,CC1C(C)(C)c2cc(C)c(cc2C1(C)C)C(C)=O,0
e507,OC1=C(C2CCCc3ccccc23)C(=O)c4ccccc4O1,0
e508,[O-][N+](=O)c1ccccc1O[S](=O)(=O)c2cccc3cccnc23,1
e509,[O-][N+](=O)c1cccc(O[S](=O)(=O)c2cccc3cccnc23)c1,1
e510,Clc1ccc(O[S](=O)(=O)c2cccc3cccnc23)cc1Cl,1
e511,Cc1ccc(O[S](=O)(=O)c2cccc3cccnc23)c(c1)[N+]([O-])=O,1
e512,CN(C)c1ccc(N[S](=O)(=O)c2cccc3cccnc23)cc1,1
e513,[O-][N+](=O)c1cccc2[nH]c3ccccc3c12,1
e514,Cn1c(ncc1[N+]([O-])=O)C2NC(CO)(CO)CO2,1
e515,COc1cc(NCCCCC[NH2+]C(C)C)c2ncccc2c1,1
e516,C(CCC1CO1)CC2CO2,1
e517,COC(=O)C1=C(C)NC(=C(C1c2cccc(c2)[N+]([O-])=O)C(=O)OC\C=C\c3ccccc3)C,0
e518,CCOC(=O)CC1OCCc2c1[nH]c3c(CC)cc(O)cc23,1
e519,CCOC(=O)C(S[P](=S)(OC)OC)c1ccccc1,0
e520,CNC(=O)CN(CCN(CCN(CC([O-])=O)CC(=O)NC)CC([O-])=O)CC([O-])=O,0
e522,C[C@H](O)CC(O[C@@H](C)C=O)O[C@@H]1[C@H](C)O[C@H](C[C@@H]1N)O[C@H]2C[C@@](O)(Cc3c(O)c4C(=O)c5cccc(O)c5C(=O)c4c(O)c23)C(C)=O,1
e523,COC(=O)C1=C(C)NC(=C(C1c2cccc(c2)[N+]([O-])=O)C(=O)OCCN3CCN(CC3)C(c4ccccc4)c5ccccc5)C,0
e524,CC1(C)[C@H](C=C(Cl)Cl)[C@H]1C(=O)OCc2cccc(Oc3ccccc3)c2,0
e525,CC1(C)[C@@H](C=C(Cl)Cl)[C@H]1C(=O)OCc2cccc(Oc3ccccc3)c2,0
e526,[O-][N+](=O)c1ccc(\C=C/c2ccc(cc2)C#N)cc1,1
e527,OCC(O)C(O)C(O)C(O)C1SCCN1N=O,1
e528,Clc1ccc(O[S](=O)(=O)c2cccc3cccnc23)c(Cl)c1,1
e529,OC(=O)c1cc(Cl)cc2cccnc12,1
e530,Nc1ccc(cc1)/C=C/c2ccc(cc2)[N+]([O-])=O,1
e531,c1ccc(cc1)N=Cc2cccc3cccnc23,1
e532,CCN(CC)CCCC(C)Nc1cc(OC)cc2cccnc12,1
e533,[O-][N+](=O)O[C@H]1CO[C@@H]2[C@@H](CO[C@H]12)O[N+]([O-])=O,0
e534,O[C@H]1CO[C@@H]2[C@@H](CO[C@H]12)O[N+]([O-])=O,0
e535,CCOc1ccccc1OCC2CNCCO2,0
e536,CN1CC(c2ccccc2)c3cccc(N)c3C1,0
e537,CCCC(=O)N[C@@H](C)C(=O)N[C@@H](CO)C(=O)N[C@@H](CC(C)C)C(=O)N[C@@H](CO)C(=O)N[C@@H]([C@@H](C)O)C(=O)N[C@@H](CC)C(=O)N[C@@H](C(C)C)C(=O)N[C@@H](CC(C)C)C(=O)NCC(=O)N[C@@H](CCCCN)C(=O)N[C@@H](CC(C)C)C(=O)N[C@@H](CO)C(=O)N[C@@H](CCC(N)=O)C(=O)N[C@@H](CCC(O)=O)C(=O)N[C@@H](CC(C)C)C(=O)N[C@@H](Cc1[nH]cnc1)C(=O)N[C@@H](CCCCN)C(=O)N[C@@H](CC(C)C)C(=O)N[C@@H](CCC(N)=O)C(=O)N[C@@H]([C@@H](C)O)C(=O)N[C@@H](Cc2ccc(O)cc2)C(=O)N3CCC[C@H]3C(=O)N[C@@H](CCCNC(N)=N)C(=O)N[C@@H]([C@@H](C)O)C(=O)N[C@@H](CC(O)=O)C(=O)N[C@@H](C(C)C)C(=O)NCC(=O)N[C@@H](C)C(=O)NCC(=O)N[C@@H]([C@@H](C)O)C(=O)N4CCC[C@H]4C(N)=O,0
e538,CNC(=O)c1cccc2c(Nc3ccc(N[S](C)(=O)=O)cc3OC)c4cccc(C)c4nc12,1
e539,Oc1ccccc1C([O-])=O,0
e540,O[C@@H]1[C@H]2O[C@H]2c3c(cc4ccc5cccc6c7ccccc7c3c4c56)[C@H]1O,1
e542,CCN(CC)c1ccc(cc1)N=Nc2c(Cl)cc(cc2Cl)[N+]([O-])=O,1
e545,CCNc1nc(Cl)nc(NC(C)(C)C#N)n1,0
e546,CN1CCN=C(c2ccccc2)c3cc(Cl)ccc13,0
e547,CNCc1oc(CSCCNC(N[S](C)(=O)=O)=NC[C@H](O)c2ccc(O)cc2)cc1,0
e548,CCOc1ccc2ccccc2c1,0
e549,OC(=O)CC(Cl)C(O)=O,0
e550,COC(=O)C1=C(C)NC(=C(C1c2cccc(Cl)c2Cl)C(=O)OC(C)C)COC(N)=O,0
e551,CCCCO[C@@H](CC)CO,0
e552,COc1cc(NC(C)CCCN)c2ncccc2c1,1
e553,O=C1NC(=O)[N-]C(=O)N1,0
e554,CCCCCC(O)CC(=O)CCC1CCC(O)C(C1)OC,1
e555,O[C@H](C[C@H](O)/C=C/c1c(nc2ccccc2c1c3ccc(F)cc3)C4CC4)CC([O-])=O,0
e556,O[C@@H]1[C@@H]2O[C@@H]2c3c(cc4ccc5cccc6c7ccccc7c3c4c56)[C@H]1O,1
e557,COc1cc(\C=C\C(O)=O)cc(OC)c1OC,0
e559,NC(CSCc1ccccc1)C(O)=O,0
e560,C[N+]1=C2N(CCc3c2[nH]c4ccccc34)C(=O)c5ccccc15,0
e561,CCC[S](=O)(=O)N1N=CC(=C(Cl)C1=O)Cl,1
e562,C[C@H]1COc2c(N3CCN(C)CC3)c(F)cc4C(=O)C(=CN1c24)C(O)=O,0
e563,CC(=O)N[C@@H](CC(O)=O)C(O)=O,0
e564,[O-][N+](=O)c1ccc(cc1)C(=O)N2N=CC(=C(Cl)C2=O)Cl,1
e565,CC(C)C(O)C(C)(C)COC(=O)C(C)C,0
e566,CCC=C,0
e567,CCCCCCCCCCCCCCCCCC([O-])=O,0
e568,C[C@]12CC[C@H]3[C@@H](CC[C@H]4C[C@H](CC[C@]34C)OC(=O)\C=C\c5cccc(c5)N(CCCl)CCCl)[C@@H]1CCC(=O)N2,0
e569,CC1=CC[C@@H]2C[C@H]1C2(C)C,0
e570,CC(C)C1=CC=C(C)CC1,0
e571,CC(=O)c1cc(NC(N)=O)ccc1OCC(O)CNC(C)(C)C,1
e572,[O-][N+](=O)c1ccc(\C=C\c2cccc(c2)C#N)cc1,1
e573,OC(=O)COc1ccc(Cl)cc1Cl,0
e575,FC(F)(F)CC(F)(F)F,0
e576,[O-][N+](=O)c1ccc(\C=C\c2ccc(cc2[S]([O-])(=O)=O)[N+]([O-])=O)c(c1)[S]([O-])(=O)=O,0
e577,CO[C@H]1C[C@](C)(O)Cc2cc3C(=O)c4c5OC6OC(C)([C@H](O)[C@H]([C@@H]6O)N(C)C)c5cc(O)c4C(=O)c3c(O)c12,1
e579,Cc1onc(c1)C(=O)NNCc2ccccc2,0
e580,CCCCOC(=O)[C@@H](C)Oc1ccc(Oc2ccc(cc2F)C#N)cc1,0
e581,NCCc1c[nH]c2ccccc12,0
e582,CC(CO)(CO)CO,0
e583,C[N+](C)(CC=C)CC=C,0
e584,OCCCCCCO,0
e585,CC1=CC[C@H]2C[C@@H]1C2(C)C,0
e586,CC(C)NCC(O)c1ccc2ccccc2c1,0
e587,CCCC(=O)Nc1ccc(OCC(O)CNC(C)C)c(c1)C(C)=O,0
e588,CNCCC=C1c2ccccc2CCc3ccccc13,0
e589,CC(C)NNC(=O)c1ccncc1,0
e590,C[NH+]1CC(c2ccccc2)c3cccc(N)c3C1,0
e591,Nc1cc(Cl)nc(C(O)=O)c1Cl,0
e592,CCOC(=O)Nc1cccc(OC(=O)Nc2ccccc2)c1,0
e593,c12c3c4c5c1c6c7c8c2c9c%10c3c%11c%12c4c%13c%14c5c%15c6c%16c7c%17c%18c8c9c%19c%20c%10c%11c%21c%22c%12c%13c%23c%24c%14c%15c%25c%16c%26c%17c%27c%18c%19c%28c%20c%21c%29c%22c%23c%30c%24c%25c%26c%31c%27c%28c%29c%30%31,0
e594,Oc1ccc(Cc2ccc(O)cc2)cc1,0
e595,CCCCCCCC/C=C/CCCCCCCC(N)=O,0
e596,CC(C)CCCC(C)CCCC(C)CCCCC(C)CCCC(C)CCCC(C)C,0
e597,Nc1cc(cc2C=C(\C(=N/Nc3ccc(cc3)c4ccc(N\N=C/5C(=O)c6c(N)cc(cc6C=C5[S]([O-])(=O)=O)[S]([O-])(=O)=O)cc4)C(=O)c12)[S]([O-])(=O)=O)[S]([O-])(=O)=O,1
e598,CC(C)CC(C)Nc1ccc(Nc2ccccc2)cc1,0
e599,ClC1C(Cl)C(Cl)C(Cl)C(Cl)C1Cl,0
e600,c1cc(ccn1)c2ccncc2,1
e601,COc1ccc(CN(CCN(C)C)c2ccccn2)cc1,0
e602,CNNCc1ccc(cc1)C(=O)NC(C)C,0
e603,CC(O)C(NC(=O)C(C)C(O)C(C)NC(=O)C(NC(=O)c1nc(nc(N)c1C)C(CC(N)=O)NCC(N)C(N)=O)C(O[C@@H]2O[C@@H](CO)[C@@H](O)[C@H](O)[C@@H]2O[C@H]3O[C@H](CO)[C@@H](O)[C@H](OC(N)=O)[C@@H]3O)c4[nH]cnc4)C(=O)NCCc5scc(n5)c6scc(n6)C(=O)NCCC[S+](C)C,1
e604,CC1=C2NC3=CC(=O)C=CC3=C2CCN1,0
e605,CCN(Cc1cccc(c1)[S]([O-])(=O)=O)c2ccc(cc2)[C+](c3ccc(cc3)N(C)C)c4ccc(cc4)N(CC)Cc5cccc(c5)[S]([O-])(=O)=O,1
e606,N[C@@H]1CCCCN1,1
e607,CCCCOCC1CO1,1
e608,CC(C)(S)C(N)C(O)=O,1
e609,ClC1CC2C(C1Cl)C3(Cl)C(=C(Cl)C2(Cl)C3(Cl)Cl)Cl,1
e610,NC1=NC(=O)N(C=C1)[C@@H]2O[C@H](CO)[C@@H](O)[C@@H]2O,0
e611,CC1CC(=O)O1,1
e613,Cc1ccc2[nH]c3c(C)cc(c(C)c3c2c1)[N+]([O-])=O,1
e614,COC(=O)C12OC1(C)C(OC2=O)C(C)C,1
e615,C[n+]1ccc(cc1)c2ccccn2,1
e616,C[n+]1cccc(c1)c2ccc[n+](C)c2,1
e617,CCCCC[N+]([O-])=O,0
e618,CCC(C(C)O)[N+]([O-])=O,0
e619,COC(=O)C12OC1(C)C(O)(NC2=O)C(C)C,1
e620,O=C(OCC1CO1)C2CCCCC2C(=O)OCC3CO3,1
e621,COCC1CO1,1
e622,CC(C)OCC1CO1,1
e623,CC(C)(C)OCC1CO1,1
e624,Nc1ccc2cc3ccc(N)cc3nc2c1,1
e625,Cc1ccccc1OCC2CO2,1
e626,C(CCOCC1CO1)COCC2CO2,1
e627,CC(C)(COCC1CO1)COCC2CO2,1
e628,C[n+]1ccccc1c2cccc[n+]2C,1
e629,C[C@@H]1OC(C[C@H](N)[C@@H]1O)O[C@H]2C[C@@](O)(Cc3c(O)c4C(=O)c5cccc(O)c5C(=O)c4c(O)c23)C(C)=O,1
e630,CC(CO)[N+]([O-])=O,0
e631,CC(O)C(C)[N+]([O-])=O,1
e632,[O-][N+](=O)c1ccc2C3OC3c4cccc5c6ccccc6c1c2c45,1
e633,BrCC1CO1,1
e634,ClC(Cl)(Cl)CC1CO1,1
e635,C[n+]1c2cc(N)ccc2cc3ccc(N)cc13,1
e636,C=CC(=O)OCC1CO1,1
e637,c1ccc(nc1)c2ccccn2,1
e638,CC1OC(=O)C=C1,0
e639,Cc1cnc(C)c(C)n1,0
e640,CCC(Cl)[N+]([O-])=O,1
e641,O[C@@H]1C=CC=C[C@H]1O,1
e642,FCC1CO1,1
e643,CCC(C)COC(=O)/C=C/c1ccc(cc1)N=Cc2ccc(OC)cc2,1
e644,NC(CN=[N+]=[N-])C(O)=O,1
e645,O=C/C=C/c1ccccc1,0
e646,CCCOc1cc(ccc1N\N=C\2C(=O)c3cc(N)ccc3C=C2[S]([O-])(=O)=O)N=Nc4ccccc4,1
e647,CCCCOc1cc(ccc1N\N=C\2C(=O)c3cc(N)ccc3C=C2[S]([O-])(=O)=O)N=Nc4ccc(cc4)N(CC)CC,1
e648,[O-][N+](=O)c1ccc(OCC2CO2)cc1,1
e649,CCCCOc1cc(ccc1N\N=C\2C(=O)c3cc(N)ccc3C=C2[S]([O-])(=O)=O)N=Nc4ccccc4,1
e650,CC(CF)NCC(O)COc1cccc2[nH]c3ccccc3c12,1
e651,Oc1cc(O)cc(O)c1,0
e652,Oc1cc(O)c2C(=O)C(=C(Oc2c1)c3ccc(O)c(O)c3)O,1
e653,c1cncc(c1)c2cccnc2,1
e654,OC1C=Cc2c(ccc3c4cccc5cccc(c45)c23)C1O,1
e655,CCOc1cc(ccc1N\N=C\2C(=O)c3cc(N)ccc3C=C2[S]([O-])(=O)=O)N=Nc4ccc(cc4)N(CC)CC,1
e656,OC1C=C2c3ccc4ccccc4c3c5cccc(C1O)c25,1
e657,C[N-]C(=O)Oc1ccc(NC=C2C=CC=C2)cc1,0
e658,CN(C)CCCCl,1
e659,C[C@H]1O[C@H]1C,1
e660,CCCCN(CCCCO)N=O,1
e661,CC(C)(C)NC[C@H](O)COc1ccccc1C2CCCC2,1
e662,OC[C@H](O)CCl,1
e663,OC[C@@H](O)CCl,1
e664,COc1cc(Oc2ccc(Cl)cc2Cl)ccc1N,1
e665,[O-][N+](=O)c1ccc2C3OC3c4cccc5ccc1c2c45,1
e666,[O-][N+](=O)c1ccc2ccc3cccc4C5OC5c1c2c34,1
e667,OC(C=C)C=C,1
e668,COc1cc(ccc1N\N=C\2C(=O)c3cc(N)ccc3C=C2[S]([O-])(=O)=O)N=Nc4ccccc4,1
e669,CCOc1cc(ccc1N\N=C\2C(=O)c3cc(N)ccc3C=C2[S]([O-])(=O)=O)N=Nc4ccccc4,1
e670,Nc1ccc2C=C(/C(=N/Nc3ccc(cc3OCCO)N=Nc4ccccc4)C(=O)c2c1)[S]([O-])(=O)=O,1
e671,CCN(CC)c1ccc(cc1)N=Nc2ccc(N\N=C\3C(=O)c4cc(N)ccc4C=C3[S]([O-])(=O)=O)c(OC)c2,1
e672,CCN(CC)c1ccc(cc1)N=Nc2ccc(N\N=C\3C(=O)c4cc(N)ccc4C=C3[S]([O-])(=O)=O)c(OCCO)c2,1
e673,COc1cc(ccc1N\N=C\2C(=O)c3cc(N)ccc3C=C2[S]([O-])(=O)=O)N=Nc4ccc(cc4)N(CCO)CCO,1
e674,CCCOc1cc(ccc1N\N=C\2C(=O)c3cc(N)ccc3C=C2[S]([O-])(=O)=O)N=Nc4ccc(cc4)N(CCO)CCO,1
e675,CC\C=C\C=C/CCCCCCOC(C)=O,0
e676,CC1C[S](=O)(=O)CCN1\N=C\c2oc(cc2)[N+]([O-])=O,1
e677,C/C=C/C=C\C,0
e678,C/C=C/C=C,0
e679,CC(C)C1(O)CCC(=CC1)C,0
e680,Nc1ccc(cc1N)[N+]([O-])=O,1
e681,C/C=C/C=C/CCCCCCCOC(C)=O,0
e682,ClC(Cl)C(c1ccc(Cl)cc1)c2ccccc2Cl,0
e683,CC1=C(C=C)/C(NC1=O)=C/C2=NC(Cc3[nH]c(\C=C/4NC(=O)C(=C4C)C=C)c(C)c3CCC(=O)NCC[S]([O-])(=O)=O)C(=C2C)CCC(=O)NCC[S]([O-])(=O)=O,0
e684,CC1=C(C=C)/C(NC1=O)=C/c2[nH]c(Cc3[nH]c(\C=C\4NC(=O)C(=C4C)C=C)c(C)c3CCC(O)=O)c(CCC(O)=O)c2C,0
e685,OCC(O)CI,1
e687,CC(=O)O[C@@H]1[C@@H](O)C2OC3C=C(C)C(=O)[C@@H](O)C3(CO)C1(C)C24CO4,0
e688,O=C1[CH-]C(=O)C1=O,0
e689,C1OC1COc2ccccc2,1
e690,CCCCCCOCC1CO1,1
e691,O=CCC=O,1
e692,Cc1ccc(OCC2CO2)cc1,1
e693,CN(C)c1ccc2nc3ccc(cc3[s+]c2c1)N(C)C,1
e694,O[C@@H]1[C@H]2O[C@H]2c3c(ccc4ccccc34)[C@H]1O,1
e695,Nc1cccc2ncccc12,1
e697,COc1cccc2C(=O)c3c(O)c4C[C@](O)(C[C@H](O[C@H]5C[C@H](N)[C@H](O)[C@H](C)O5)c4c(O)c3C(=O)c12)C(C)=O,1
e698,CCCOc1cc(ccc1N\N=C\2C(=O)c3cc(N)ccc3C=C2[S]([O-])(=O)=O)N=Nc4ccc(cc4)N(CC)CC,1
e699,O=Nc1ccc2ccccc2c1,1
e700,CCCCN(N)CCCC,1
e701,O=C1C=Cc2c3ccccc3ccc2C1=O,1
e703,CCN(CC)CCOc1ccc(cc1)\C(=C(Cl)\c2ccccc2)c3ccccc3,1
e704,CCOc1cc(ccc1N\N=C\2C(=O)c3cc(N)ccc3C=C2[S]([O-])(=O)=O)N=Nc4ccc(cc4)N(CCO)CCO,1
e705,COc1cccc2C(=O)c3c(O)c4C[C@](O)(C[C@H](O[C@H]5C[C@H](N)[C@@H](O)[C@H](C)O5)c4c(O)c3C(=O)c12)C(=O)CO,1
e706,OC(=O)c1c(cc(cc1[N+]([O-])=O)[N+]([O-])=O)[N+]([O-])=O,1
e707,s1ccc2ccc3ccc4ccccc4c3c12,1
e708,C[C@@H]1CC2=C(C3[C@@H](C=C(C)C2=O)C(CCC3=C)C(C)=C)C1=O,0
e709,[S-]CCCCl,1
e710,CC(=C)C1CCC(=C)C2[C@H]1C=C(C)C(=O)C3=C2C(=O)[C@](C)(O)C3,0
e711,Nc1ccccc1CC=C,1
e712,CCN1C=C(C(O)=O)C(=O)c2cc(F)c(N3CCNC(C)C3)c(F)c12,0
e713,[O-][N+](=O)C1CCCC1,1
e714,ON(C=O)c1ccc(Cl)cc1,1
e715,ON(C(=O)CCC(O)=O)c1ccc(Cl)cc1,1
e716,ON(C=O)c1ccc(Br)cc1,1
e717,Cc1ccc(cc1)N(O)C=O,1
e718,Cc2cncc(C)c2,1
e719,CCOc1ccc2nc3cc(N)ccc3c(N)c2c1,1
e720,ClC\C=C/CCl,1
e721,[O-]C(=O)C1=NN(c2ccc(cc2)[S]([O-])(=O)=O)C(=O)C1N=Nc3ccc(cc3)[S]([O-])(=O)=O,0
e723,c3ccc(cc3)P(c4ccccc4)c5ccccc5,1
e724,C[N-]C(=S)N/N=C/C(C)=N/NC(=S)[N-]C,0
e725,CCOC(=O)c1cc(Cc2ccc(N)c(c2)C(=O)OCC)ccc1N,0
e726,O1C2C=Cc3c(ccc4c5C=Cc6cccc(cc34)c56)C12,1
e727,CC(C)=CC1C(C(=O)OCc2coc(Cc3ccccc3)c2)C1(C)C,0
e728,C[C@H](CCC(O)=O)[C@H]1CC[C@H]2[C@@H]3[C@@H](O)C[C@@H]4C[C@H](O)CC[C@]4(C)[C@H]3CC[C@]12C,1
e729,OC1CCO[P](=O)(N1)N(CCCl)CCCl,1
e730,ON(C=O)c1ccc(F)cc1,1
e731,COc1ccc2C(=O)N(C)C(=O)c3cccc1c23,0
e732,Cl\C=C(Cl)/c1c(Cl)c(Cl)c(Cl)c(Cl)c1Cl,0
e733,Cc1cc(C)cc(N\N=C2/C(=O)C=Cc3ccccc23)c1,0
e734,NNc1ccccc1,1
e735,Nc1ccc(N)c(c1)[S]([O-])(=O)=O,0
e736,COc1ccc2nccc([C@@H](O)[C@@H]3C[C@H]4CCN3C[C@@H]4C=C)c2c1,0
e737,COc1cc2O[C@H]3OC=C[C@H]3c2c4OC(=O)C5=C(CC[C@@H]5O)c14,1
e738,S=C=NCCc1ccccc1,1
e739,O1C2C1c3cc4c(ccc5ccccc45)cc3c6ccccc26,1
e740,CCC(C)Br,1
e741,COCC(O)Cn1cc(nc1Cl)[N+]([O-])=O,1
e742,COc1ccc2C(=O)c3ccccc3C(=O)c2c1O,0
e743,Cc1ccc2C(=O)c3ccc(O)cc3C(=O)c2c1,1
e744,CC(C)=CC1C(C(=O)OCc2oc(CC#C)cc2)C1(C)C,1
e745,C=COc1ccccc1,1
e746,CC\C=C(/C)C(OC(=O)C1C(C=C(C)C)C1(C)C)C#C,0
e747,O1C2C1c3ccc4ccccc4c3c5ccccc25,1
e748,N1C2C1c3ccc4ccccc4c3c5ccccc25,1
e749,CC(C)=C(Cl)C=O,1
e750,CCCN(CCC)CCc1cccc2[nH]c3c(C)ccc(C)c3c12,1
e751,CCOCC1CO1,1
e752,CCCNNCCC,1
e753,CCCCNNCCCC,1
e754,CCCN(N)CCC,1
e755,C[C@]12CC[C@@H]3[C@H](CCc4cc(O)ccc34)[C@H]1C[C@@H](O)C2=O,0
e756,Cc1ccc2C(=O)c3ccccc3C(=O)c2c1O,1
e757,CCCCCCCCCCCCCCCCCC(=O)OCC1=CC=C2C(=CCC(C=C12)C(C)=C)C,1
e758,[O-][n+]1cc2cnccc2cn1,1
e759,[O-][n+]1ccc2cnncc2c1,1
e760,Cc1ccccc1OCC(O)CNCCOc2ccc(cc2)C(N)=O,0
e761,CCc1cccc2cc(oc12)C(O)CNC(C)(C)C,0
e762,Cc1c(O)cc2C(=O)c3c(O)cccc3C(=O)c2c1O,1
e763,COc1ccc(cc1)c2[nH]c(nc2c3ccc(OC)cc3)c4ccccc4,1
e764,OCc1c(O)c2C(=O)c3ccccc3C(=O)c2cc1O[C@H]4O[C@H](CO[C@@H]5OC[C@@H](O)[C@H](O)[C@H]5O)[C@@H](O)[C@H](O)[C@H]4O,1
e765,CC(CCc1ccccc1)NCC(O)c2ccc(O)c(c2)C(N)=O,0
e766,Nc1c2ccccc2nc3ccccc13,1
e767,CC(=O)Nc1ccc(Cc2ccc(NC(C)=O)cc2)cc1,0
e768,Cc1cc(N)ccc1N,1
e769,CC[C@@]1(O)C[C@H](O)c2c(O)c3C(=O)c4c(O)cccc4C(=O)c3cc2[C@H]1C(=O)OC,1
e770,NC(=N)c1ccc(OCCCCCOc2ccc(cc2)C(N)=N)cc1,0
e771,CC(C)(C)c1cc(\C=C\c2cc(c(O)c(c2)C(C)(C)C)C(C)(C)C)cc(c1O)C(C)(C)C,0
e772,CCCC(=O)Nc1ccc(OCC(O)CNC(C)C)c(c1)C(C)=O,0
e773,COc1ccc2nccc(C(O)C3CC4CCN3CC4C=C)c2c1,0
e774,Cc1ccc(cc1[N+]([O-])=O)N=O,0
e775,[O-][N+](=O)c1cc2[nH]c3ccc4ccccc4c3c2c5ccccc15,1
e776,Oc1ccc2c(c1)c3c([nH]c4ccc5ccccc5c34)cc2[N+]([O-])=O,1
e777,Oc1ccc2c(c1)c(cc3[nH]c4ccc5ccccc5c4c23)[N+]([O-])=O,1
e778,[O-]C(=O)C(Cc1ccc(Cl)cc1)NC(=O)Cc2ccccc2,1
e779,ClC1CN(CC1Cl)N=O,1
e780,O=C1[CH-]C(=O)C1=O,0
e781,C/C=C(Cl)/C1=C(Cl)C(=O)[C@@]23C[C@H]2C(C)(C)O[C@]3(O)C1=O,1
e782,CC(C)NC(OCc1ccc(cc1)[N+]([O-])=O)=NC(C)C,1
e783,CC(=O)Oc1ccc2C(=CC(=O)Oc2c1)CBr,0
e784,CC(C)(C)NCC(O)COc1cccc2C(=O)CCCc12,0
e785,CC(C)c1c(N)ccc2ccccc12,1
e786,Nc1ccc(cc1)[S]([O-])(=O)=O,0
e787,CCCn1cc2C[C@@H]3[C@H](C=C(C)CN3C)c4cccc1c24,1
e788,Cc5ccc(cc5)C(=O)O[C@H]([C@@H](OC(=O)c6ccc(C)cc6)C(O)=O)C(O)=O,1
e790,CCc1c(N)ccc2ccccc12,1
e791,[O-]c1cccc2cccnc12,1
e792,NC(Cc1ccccc1)C(O)=O,0
e794,CC(=O)Nc1ccc(cc1)[C@H]2O[C@@H]2C(=O)c3ccccc3,1
e795,C[C@]12CC[C@H]3[C@@H](CCc4cc(O)c(O)cc34)[C@@H]1CC[C@@H]2O,0
e796,C[C@]12CC[C@H]3[C@@H](CCc4c(O)c(O)ccc34)[C@@H]1CC[C@@H]2O,0
e797,[O-][N+](=O)c1ccc(cc1)C2OC2C(=O)c3ccccc3,0
e798,CC(C)NCC(O)COc1ccccc1OCC=C,0
e799,[O-]C(=O)[C@H](Cc1ccc(Cl)cc1)NC(=O)OCc2ccccc2,1
e800,CCc1cc(ccc1N)c2ccccc2,1
e801,Cc1cc(cc(C)c1N)c2ccccc2,1
e802,CC(C)NCC(O)COc1cccc2ccccc12,0
e803,CCO[P](=O)(Oc1ccc(cc1)[N+]([O-])=O)c2ccccc2,1
e804,[O-][N+](=O)c1cccc2cc3ccccc3cc12,1
e805,COc1ccc(NC(C)=O)cc1N,1
e806,CN(C)[C@H]1[C@@H]2C[C@H]3C(=C(O)c4c(O)ccc(Cl)c4[C@@]3(C)O)C(=O)[C@]2(O)C(=O)\C(=C(N)\O)C1=O,0
e807,CC(C)CO[S](=O)(=O)c1ccccc1,1
e808,Oc1ccc2C(=O)c3ccccc3C(=O)c2c1,1
e809,CC12CC[C@H]3C(CCc4c(O)c(O)ccc34)[C@@H]1CCC2=O,0
e810,C[C@]12CC[C@H]3[C@@H](CCc4cc(O)c(O)cc34)[C@@H]1CCC2=O,0
e811,Cc1ccc(c(c1[N+]([O-])=O)[S](O)(=O)=O)[N+]([O-])=O,0
e812,Cc1cc(c(cc1[N+]([O-])=O)[N+]([O-])=O)[S](O)(=O)=O,0
e813,CNc1ccc2nc3ccc(N)cc3[s+]c2c1,1
e814,CNc1ccc2nc3ccc(cc3[s+]c2c1)N(C)C,1
e815,CN(C)c1ccc2nc3ccc(N)cc3[s+]c2c1,1
e816,[O-][N+](=O)NC1=NCCN1Cc2ccc(Cl)nc2,1
e817,OC[C@H]1O[C@@H](OC2=C(Oc3cc(O)cc(O)c3C2=O)c4ccc(O)c(O)c4)[C@H](O)[C@@H](O)[C@@H]1O,1
e819,CCN(CC)C([S-])=S,0
e820,OCCNCCNc1ccc(NCCNCCO)c2C(=O)c3c(O)ccc(O)c3C(=O)c12,1
e821,COc1ccc(N)cc1N,1
e822,OC(CBr)C(O)C(O)C(O)CBr,1
e823,CC1(C)CC2=C(C=O)[C@]3(C[C@@]3(C)[C@@H](O)[C@@]2(O)C1)C=O,1
e824,OC(=O)\C=C(/CCl)C(Cl)Cl,1
e825,O[C@H]1C=C[C@@H]2O[C@@H]2[C@@H]1O,1
e826,O[C@@H]1C=C[C@H]2O[C@H]2[C@H]1O,1
e827,CCOC(=O)C=C,1
e828,CC1(C)CC2C(O)(C1)C=C(C=O)C34CC23C(=O)OC4O,1
e829,ClC[C@H]1CO1,1
e830,ClC[C@@H]1CO1,1
e831,OC[C@@H]1CO1,1
e832,OC[C@@H]1CO1,1
e833,Cc1ccc(cc1)[S](=O)(=O)OC[C@H]2CO2,1
e834,O[C@H]1[C@H](O)c2ccc3nc4ccc5ccccc5c4cc3c2[C@H]6O[C@@H]16,1
e835,Nc1ccc(Oc2ccc(Oc3ccc(N)cc3)cc2)cc1,1
e836,N1C2C1c3c4ccccc4ccc3c5ccccc25,1
e837,O1c2c1c3c4ccccc4c5ccccc5c3c6ccccc26,1
e838,N1C2C1c3c4ccccc4c5ccccc5c3c6ccccc26,1
e839,O[S](=O)(=O)OCc1oc(C=O)cc1,1
e840,OCCCCCl,1
e841,CC1CN1,1
e843,N1[C@@H]([C@@H]1c2ccccc2)c3ccccc3,1
e844,N1C2C1c3cccc4cccc2c34,1
e845,CN1CCN(CC1)c2ccc3nc(CCc4ccc5nc([nH]c5c4)c6ccc(cc6)N(CCCl)CCCl)[nH]c3c2,1
e846,CN1CCN(CC1)c2ccc3nc(CCCc4ccc5nc([nH]c5c4)c6ccc(cc6)N(CCCl)CCCl)[nH]c3c2,1
e847,OOC1CCCc2ccccc12,1
e848,O[C@@H]1[C@H]2O[C@H]2c3c(ccc4c3ccc5ccc(O)cc45)[C@H]1O,1
e850,OCc1c2ccccc2cc3c1ccc4ccccc34,1
e851,OCc1ccc(cc1)[N+]#N,1
e852,O[C@H]1O[C@H](CN=[N+]=[N-])[C@@H](O)[C@H](O)[C@@H]1O,1
e853,O[C@H]1O[C@H](CN=[N+]=[N-])[C@@H](O)[C@@H](O)[C@@H]1O,1
e854,O[C@H]1O[C@H](CN=[N+]=[N-])[C@@H](O)[C@@H](O)[C@H]1O,1
e855,O[C@H]1O[C@@H](CN=[N+]=[N-])[C@@H](O)[C@H](O)[C@H]1O,1
e856,O[C@H]1O[C@H](CN=[N+]=[N-])[C@H](O)[C@H](O)[C@H]1O,1
e857,CN(Cc1cccc(Cl)c1)N=O,1
e858,CN(Cc1ccc(cc1)C#N)N=O,1
e859,COc1cccc2C(=O)c3c(O)c4CC(O)(CC(OC5CC(C(O)C(C)O5)N6CCOCC6C#N)c4c(O)c3C(=O)c12)C(C)=O,1
e861,[O-][S](=O)(=O)OCc1c2ccccc2c3ccc4cccc5ccc1c3c45,1
e862,CN(OC(=O)c1ccccc1)c2ccc(cc2)N=Nc3ccccc3,1
e863,CC(O)C(NC(=O)C(C)C(O)C(C)NC(=O)C(NC(=O)c1nc(nc(N)c1C)C(CC(N)=O)NCC(N)C(N)=O)C(OC2OC(CO)C(O)C(O)C2OC3OC(CO)C(O)C(OC(N)=O)C3O)c4[nH]cnc4)C(=O)NCCc5scc(n5)c6scc(n6)C(=O)NCCCNC(C)c7ccccc7,1
e864,CC(=O)OC1Cc2c3ccc4ccccc4c3cc5ccc(C)c1c25,1
e865,CC1CNC(=O)N1c2sc(cn2)[N+]([O-])=O,1
e866,CCCCN(N=O)C(=O)OCC,1
e867,CCC(C)O[S](C)(=O)=O,1
e868,CC[C@@H](C)O[S](C)(=O)=O,1
e869,CC[C@H](C)O[S](C)(=O)=O,1
e870,COC(=O)N=NC=C1C=[N+]([O-])c2ccccc2N1O,1
e871,CN(CCCl)CCCl,1
e872,C[N+]([O-])(CCCl)CCCl,1
e873,O=C1c2ccccc2c3cc4ccccc4cc13,1
e874,CCO[P](=O)(OCC)C(C)NC(=O)N(CCCl)N=O,1
e875,Cc1ccccc1O[P](=O)(Oc2ccccc2C)Oc3ccccc3C,1
e876,COc1cc(O)c2C(=O)c3c(OC)cc4OC5OC=CC5c4c3Oc2c1OC,1
e877,Cc1cc2ccccc2c3ccc4[C@@H](O)[C@H](O)[C@@H]5O[C@@H]5c4c13,1
e878,Cc1ccc(C)c2c1ccc3C(O)C(O)C4OC4c23,1
e879,COC(=O)c1cc2c([nH]c3ccc(cc23)[N+]([O-])=O)c(n1)c4ccccc4,1
e880,CCNC(C)CC(C)NCC,1
e881,[O-][N+](=O)c1sc(cc1)C2NC(=O)c3ccccc3N2,1
e882,BrCC(=O)NCc1ccccc1,1
e884,ClCC(=O)NCc1ccccc1,1
e885,CNC(=O)Oc1ccc(cc1)c2ccccc2,1
e886,CC(=O)[CH-]C(C)=O,1
e887,CCO[P](=S)(OCC)SCCSCC,1
e888,O[C@@H]1[C@@H](O)c2ccc3cc4c(ccc5ccccc45)nc3c2[C@H]6O[C@@H]16,1
e889,O[C@H]1[C@H](O)c2ccc3cc4c(ccc5ccccc45)nc3c2[C@@H]6O[C@H]16,1
e890,CC(=O)O[C@@H]1[C@@H](O)[C@H](OC(=O)\C=C/c2ccc(O)cc2)[C@@H](CO)O[C@H]1OC34CC(C)(C)C(=O)C3C(C)(O)C5(CC5)C(=C4)C,1
e891,O[C@H]1[C@H](O)c2ccc3cc4c(ccc5ccccc45)nc3c2[C@H]6O[C@@H]16,1
e892,OC\C=C/Cl,1
e893,OC\C=C\Cl,1
e894,OC(=O)/C=C/Cl,1
e895,Nc1ccccc1SCCSc2ccccc2N,1
e896,O[C@@H]1[C@@H](O)c2ccc3cc4c(ccc5ccccc45)nc3c2[C@H]6O[C@@H]16,1
e897,OC1=C2C=CC3=Cc4c(NC3=C2C5=C(O5)C1=O)ccc6ccccc46,1
e898,ClCC(=O)C(Cl)Cl,1
e899,Cc1ccc2nc3c4ccccc4c5Oc5c3c(C)c2c1,1
e900,CCCCN(C[C@@H](CO)Cc1ccccc1)N=O,1
e901,CCCCN(C[C@H](CO)OCc1ccccc1)N=O,1
e902,CC(=O)Nc1ccc(Oc2ccc(Cl)cc2)cc1,1
e903,CC(=O)Nc1ccc(Oc2ccc(Cl)cc2Cl)cc1,1
e904,CC(=O)N(O)c1ccc(Oc2c(Cl)cc(Cl)cc2Cl)cc1,1
e905,ON(C=O)c1ccc(Oc2ccccc2)cc1,1
e906,ON(C=O)c1ccc(Oc2ccc(Cl)cc2Cl)cc1,1
e907,ON(C=O)c1ccc(Oc2c(Cl)cc(Cl)cc2Cl)cc1,1
e908,C[C@@]12CCC=C(C=O)[C@@]1(C2)C=O,1
e909,C[C@]12CCC=C(C=O)[C@]1(C2)C=O,1
e910,C=CCCCCC1CO1,1
e911,COc1cc(N)ccc1N,1
e912,CCOc1ccc(cc1)N(O)C(=O)CC(C)O,1
e913,COc1cc2CCN(C)[C@H]3Cc4cc5OCOc5cc4c(c1OC)c23,1
e914,Oc1ccc(cc1)/C=C/C(=O)c2ccc(O)cc2O,1
e915,CC/C=C\C=C/C=C\C=C/OCC(O)CO,1
e916,CCCCN(C[C@H](CO)Cc1ccccc1)N=O,1
e917,O=CNc1ccc(Oc2ccccc2)cc1,1
e918,Cc1cc(N=Nc2ccccc2)c(N)cc1N,1
e919,Cc1c([N-][N+](=O)c2cc(c(C)c(c2)[N+]([O-])=O)[N+]([O-])=O)cc(cc1[N+]([O-])=O)[N+]([O-])=O,1
e920,OC1c2ccccc2c3ccc(cc13)[N+]([O-])=O,1
e921,O=CC1=CCCC2CC12C=O,1
e922,CC\C=C\C=C\C=C\C=C\C=C/OC[C@@H](O)CO,1
e924,C[C@@H](CN=[N+]=[N-])c1ccccc1,1
e925,OC[C@H](O)CN=[N+]=[N-],1
e926,OC[C@@H](O)CN=[N+]=[N-],1
e927,[O-][N+](=O)c1ccc(OC2CO2)cc1,1
e928,[O-][N+](=O)c1ccc(c2ccccc2)c(c1)[N+]([O-])=O,1
e929,C1O[C@@H]1c2ccccc2,1
e930,C1O[C@H]1c2ccccc2,1
e931,COc1cc(ccc1[n+]2nc(nn2c3ccc(cc3)[N+]([O-])=O)c4ccccc4)c5ccc(c(OC)c5)[n+]6nc(nn6c7ccc(cc7)[N+]([O-])=O)c8ccccc8,1
e932,O[C@@H]1C=C2c3ccccc3c4cccc([C@H]1O)c24,1
e933,O=C1C=C2c3ccccc3c4cccc(C1=O)c24,1
e934,OC1C(O)c2cccc3c4ccccc4[C@@]5(O[C@@H]15)c23,1
e935,OC1C(O)c2cccc3c4ccccc4[C@@]5(O[C@@H]15)c23,1
e936,CC1c2ccccc2c3ccc(C)cc13,1
e937,c1ccc2c(c1)cnc3ccccc23,1
e938,Cc1ccc(cc1C)C(OC(=O)NC2CCCCC2)(C#C)c3ccccc3,1
e939,CCCCON(OC(C)=O)C(=O)c1cccc(c1)[N+]([O-])=O,1
e940,NC(=O)N(Cc1ccccc1)N=O,1
e941,O1C2C=Cc3cccnc3C12,1
e943,COc1cccc2C(=O)c3c(O)c4C[C@](O)(C[C@H](O[C@H]5C[C@H](N)[C@@H](O)[C@H](C)O5)c4c(O)c3C(=O)c12)C(=O)CO,1
e944,CN(C)C([S-])=S,1
e945,Cc1ccc(cc1)[S](=O)(=O)OCC#C,1
e946,CCCCO[S](=O)(=O)c1ccc(C)cc1,1
e947,CCCO[S](=O)(=O)c1ccc(C)cc1,1
e948,CO[S](=O)(=O)c1ccc(C)cc1,1
e949,CCCCO[S](=O)(=O)c1ccccc1,1
e950,CO[S](=O)(=O)c1ccccc1,1
e951,CCCO[S](=O)(=O)c1ccccc1,1
e952,CO[C@H](C)[C@@](O)(C(C)C)C(=O)OCC1=CCN2CC[C@H](O)[C@@H]12,1
e953,C\C=C1/CC(C)C(C)(OC(C)=O)C(=O)OCC2=C3C(CC[N+]3(C)C=C2)OC1=O,1
e954,O=CC1CO1,1
e955,CCCCN=[N+]=[N-],1
e956,CCCCCCN=[N+]=[N-],1
e957,O[C@@H]1[C@@H](O)c2ccc3cc4ccc5ccccc5c4nc3c2[C@H]6O[C@@H]16,1
e958,O[C@H]1[C@H](O)c2ccc3cc4ccc5ccccc5c4nc3c2[C@@H]6O[C@H]16,1
e959,O[C@@H]1[C@@H](O)c2ccc3cc4ccc5ccccc5c4nc3c2[C@@H]6O[C@H]16,1
e960,[O-][N+](=O)c1ccc(cc1)C(=O)N=C2SN(C(=O)c3ccc(cc3)[N+]([O-])=O)c4ccccc24,1
e961,Cc1ccc2N(SC(=NC(=O)c3cccc(c3)[N+]([O-])=O)c2c1)C(=O)c4cccc(c4)[N+]([O-])=O,1
e962,Cc1ccc2N(SC(=NC(=O)c3ccc(cc3)[N+]([O-])=O)c2c1)C(=O)c4ccc(cc4)[N+]([O-])=O,1
e963,ClCCCC(=O)N=C1SN(C(=O)CCCCl)c2ccc(Cl)cc12,1
e964,[O-][N+](=O)c1ccc(cc1)C(=O)N=C2SN(C(=O)c3ccc(cc3)[N+]([O-])=O)c4ccc(Cl)cc24,1
e965,O[C@H]1C=Cc2c(ccc3cc4c(ccc5ccccc45)cc23)[C@@H]1O,1
e966,O[C@@H]1[C@@H](O)c2cc3c(ccc4ccccc34)cc2c5ccccc15,1
e967,Cc1ccc(NC2OC[C@@H](O)[C@@H](O)[C@@H]2O)cc1,1
e968,O[C@@H]1COC([C@H](O)[C@H]1O)N(N=O)c2ccc(cc2)[N+]([O-])=O,1
e969,O[C@@H]1COC([C@@H](O)[C@H]1O)N(N=O)c2ccc(cc2)[N+]([O-])=O,1
e970,O[C@H]1COC([C@H](O)[C@H]1O)N(N=O)c2ccc(cc2)[N+]([O-])=O,1
e971,COc1ccccc1\C=C\C=C(C#N)/c2ccc(Br)cc2,1
e972,OC1C=Cc2cc3c4cccc5cccc(c3cc2C1O)c45,1
e973,CC1(CO1)c2ccc(cc2)[N+]([O-])=O,1
e974,CC[NH2+]C(=O)N(CCN(C)C)N=O,1
e975,N#[N+]c1ccccc1,1
e976,Cc1ccc(cc1)N(CCO)CCO,1
e977,CCN(CC)CCCC(C)Nc1ccnc2cc(Cl)ccc12,1
e979,CCC(C)OC(=O)\C=C\c1oc(cc1)[N+]([O-])=O,1
e980,CCC(C)NC(=O)\C=C\c1oc(cc1)[N+]([O-])=O,1
e981,CC(Br)C(=O)NCc1ccccc1,1
e982,C[C@@H](Br)C(=O)NCc1ccccc1,1
e983,C[C@H](Br)C(=O)NCc1ccccc1,1
e984,OC1=C2C=CC3=CC=CNC3=C2C4=C(O4)C1=O,1
e985,COC(=O)[C@H]1O[C@@H]1c2ccccc2,1
e986,COC(=O)[C@@H]1O[C@H]1c2ccccc2,1
e987,COC(=O)[C@H]1O[C@H]1c2ccccc2,1
e990,c1cnc2c(c1)ccc3cccnc23,1
e991,OC1C2OC2c3ccc4c5ccccc5ccc4c3C1O,1
e992,C1OC1COc2ccc3sncc3c2,1
e993,C(OCc1ccccc1)[C@H]2CO2,1
e994,C1O[C@H]1COc2cccc3ccccc23,1
e995,C1O[C@@H]1COc2cccc3ccccc23,1
e996,[O-][N+](=O)c1cccc(c1)[S](=O)(=O)OC[C@@H]2CO2,1
e997,[O-][N+](=O)c1ccc(cc1)C(=O)OC[C@@H]2CO2,1
e998,[O-][N+](=O)c1ccc(OC[C@H]2CO2)cc1,1
e999,[O-][N+](=O)c1ccc(OC[C@@H]2CO2)cc1,1
e1000,Cc1cc2[C@H](O)[C@@H](O)[C@H]3O[C@H]3c2c4ccc5ccccc5c14,1
e1001,Cc1cc2ccccc2c3ccc4[C@H](O)[C@@H](O)[C@H]5O[C@H]5c4c13,1
e1002,N[C@@H](CSC(F)(F)C(F)Br)C(O)=O,1
e1003,CN1C=C(C([O-])=O)C(=O)c2ccc(\C=C\c3oc(cc3)[N+]([O-])=O)nc12,1
e1004,CCC/C=C/C=O,1
e1005,COC(=O)[C@H]1CS[C@@H]2N1C(=O)C(=C2Cl)Cl,1
e1006,COC(=O)C1CSC2N1C(=O)C(=C2Cl)Cl,1
e1007,ClC[C@@H](Br)CBr,1
e1008,ClC[C@H](Br)CBr,1
e1009,CCCC(Cl)C(S)=O,1
e1010,Cc1cc(C)c(N\N=C2\C(=O)C(=Cc3cc(ccc23)[S]([O-])(=O)=O)[S]([O-])(=O)=O)cc1C,1
e1011,ClC1CC2C(C1Cl)C3(Cl)C(=C(Cl)C2(Cl)C3(Cl)Cl)Cl,1
e1013,Nc1c2cc(ccc2nc3ccc(cc13)[N+]([O-])=O)[N+]([O-])=O,1
e1014,Oc1ccc2cc3c4ccccc4c5ccccc5c3cc2c1O,1
e1015,Cc1cccc2c1cc(C)c3c2ccc4C(O)C(O)C5OC5c34,1
e1016,ClC1OC1CBr,1
e1017,O[C@H](CN=[N+]=[N-])[C@@H](O)[C@H](O)[C@@H](O)C=O,1
e1018,CN(CCCC(O)=O)N=O,1
e1019,OCc1ccc(cc1)[N+],1
e1020,COCc1ccc(cc1)[N+],1
e1021,OC(=O)c1ccc(cc1)[N+],1
e1022,Cc1cc2ccccc2c3ccc4[C@H](O)[C@H](O)[C@@H]5O[C@@H]5c4c13,1
e1023,O[C@@H](CN=[N+]=[N-])c1ccccc1,1
e1024,OC[C@H](CN=[N+]=[N-])Cc1ccccc1,1
e1025,COC(=O)[C@@H](C)CN=[N+]=[N-],1
e1026,OC[C@H](O)[C@H](N=[N+]=[N-])c1ccccc1,1
e1028,CC(=O)NSc1c2cc(O)ccc2nc3ccc(O)cc13,1
e1029,O[C@@H]1C=Cc2c(ccc3cc4c(ccc5ccccc45)cc23)[C@H]1O,1
e1030,CCN(CC)N([O-])N=O,1
e1031,Cc1c(C(O)=O)c(O)cc2C(=O)c3c(O)c(O)c(C4OC(CO)C(O)C(O)C4O)c(O)c3C(=O)c12,1
e1032,NC(CSSCC(N)C(O)=O)C(O)=O,1
e1033,OC(=O)C1CCCN1,1
e1034,CC(O)C(N)C(O)=O,1
e1035,CCOC(=O)c1[nH]c(C)c(c1C)/C(O)=C2/C(N(Cc3cccnc3)C(=O)C2=O)c4ccc(Cl)cc4,1
e1036,CCCCNCCCNCCCNC(=O)c1csc(n1)c2csc(CCNC(=O)C(NC(=O)C(C)C(O)C(C)NC(=O)C(NC(=O)c3nc(nc(N)c3C)C(CC(N)=O)NCC(N)C(N)=O)C(OC4OC(CO)C(O)C(O)C4OC5OC(CO)C(O)C(OC(N)=O)C5O)c6[nH]cnc6)C(C)O)n2,1
e1037,Fc1c(F)c(F)c2ncccc2c1F,1
e1038,ClC(Cl)C1=C(Cl)C(=O)NC1=O,1
e1039,ClCC1=C(Cl)C(=O)NC1=O,1
e1040,ClC1=C(CBr)C(=O)NC1=O,1
e1041,CC(O)C(NC(=O)C(C)C(O)C(C)NC(=O)C(NC(=O)c1nc(nc(N)c1C)C(CC(N)=O)NCC(N)C(N)=O)C(OC2OC(CO)C(O)C(O)C2OC3OC(CO)C(O)C(OC(N)=O)C3O)c4[nH]cnc4)C(=O)NCCc5scc(n5)c6scc(n6)C(=O)NCCCCN(CCCCN=C(N)N)C(N)=N,1
e1042,OC(=O)\C=C\C(O)=O,1
e1043,CN(C)CCNC(=O)c1cccc2cc3ccccc3nc12,1
e1045,Nc1cc(N)c(cc1N=Nc2ccc(cc2)c3ccc(N\N=C\4C=CC(=O)C(=C4)C([O-])=O)cc3)N=Nc5ccc(cc5[S]([O-])(=O)=O)[S]([O-])(=O)=O,1
e1046,Cc1ccccc1N=Nc2ccc(N)c(C)c2,1
e1047,CCOC(=O)NO,1
e1048,CN=NNc1ccc(cc1)C([O-])=O,1
e1049,CC(C)=NO,0
e1050,[NH3+]c1ccc(cc1)c2ccccc2,1
e1051,Cc1nc(N)c(C)c2[nH]c3ccccc3c12,1
e1052,Cc1nc(N)cc2[nH]c3ccccc3c12,1
e1053,Clc1ccccc1c2ccccc2,0
e1054,[nH]1c2ccccc2c3ccccc13,0
e1055,ClC1CC2C(C1Cl)C3(Cl)C(=C(Cl)C2(Cl)C3(Cl)Cl)Cl,1
e1056,CCCC(Cl)CCCC(Cl)CCC(Cl)CCC(Cl)CCC(Cl)CCCC(Cl)CCC,0
e1057,Cc1cc(Cl)ccc1N,0
e1058,ClCCN(CCCl)[P]1(=O)NCCCO1,1
e1059,Cc1ccc(N)cc1N,1
e1060,CCCCNC(=O)N(CCCC)N=O,1
e1061,CC(Cl)CCl,1
e1062,Cc1ccc(cc1[N+]([O-])=O)[N+]([O-])=O,1
e1063,CCSCC[C@H](N)C(O)=O,0
e1064,CC(C)n1c2ccccc2c(c3ccc(F)cc3)c1\C=C\[C@@H](O)C[C@H](O)CC(O)=O,0
e1065,ClC1C(Cl)C(Cl)C(Cl)C(Cl)C1Cl,0
e1066,ClC1C(Cl)C(Cl)C(Cl)C(Cl)C1Cl,0
e1067,OCN(CO)c1nc(nc(n1)N(CO)CO)N(CO)CO,0
e1068,OCCN1CCN(\N=C\c2oc(cc2)[N+]([O-])=O)C1=O,1
e1069,CC1(C)C(=O)Nc2ccc(cc12)C3=NNC(=O)CC3,0
e1070,COc1cc(ccc1c2[nH]c3cnccc3n2)[S](C)=O,0
e1071,COC1=NN(CS[P](=S)(OC)OC)C(=O)S1,0
e1072,Nc1ccc(Cc2ccc([NH3+])c(Cl)c2)cc1Cl,1
e1073,CC(C)(Oc1ccc(cc1)C2CCCc3ccccc23)C(O)=O,0
e1074,CC(O)CN(CC(O)CO)N=O,1
e1075,Nc1ccccc1N,1
e1076,Oc1ccccc1c2ccccc2,1
e1077,Brc1cc(Br)c(cc1Br)c2cc(Br)c(Br)cc2Br,0
e1078,[O-][S]1(=NC(=O)c2ccccc12)=O,0
e1079,O=C1C=C(N2CC2)C(=O)C(=C1N3CC3)N4CC4,1
e1080,Cc1cc(C)c([NH3+])cc1C,1
e1081,NC(=O)OC=C,1
e1082,Cc1ccc(N)c(C)c1,1
e1083,Cc1ccc(C)c(N)c1,1
e1084,Clc1nc(Cl)nc(Nc2ccccc2Cl)n1,0
e1085,COc1ccc(N)cc1,1
e1086,CCCCNC(N)=O,0
e1087,[O-][S](=O)(=O)c1ccc(N\N=C\2C=C(c3ccccc3C2=O)[S]([O-])(=O)=O)c4ccccc14,1
e1088,COc1ccc2C[C@@H]3[C@@H]4C=C[C@H](O)[C@@H]5Oc1c2[C@]45CCN3C,0
e1089,[NH3+]C1CCCCC1,0
e1090,O[C@H](C[O-])[C@H]1OC(=C(O)C1=O)O,0
e1091,CCN(CC)C([S-])=S,0
e1092,CC(C)OC(=O)Nc1cccc(Cl)c1,0
e1093,CN(C)C([S-])=S,1
e1094,COc1ccc2nc([nH]c2c1)[S](=O)Cc3ncc(C)c(OC)c3C,0
e1095,CNC(=O)O\N=C(SC)\C(=O)N(C)C,0
e1096,Nc1ccc(Nc2ccccc2)cc1,0
e1097,Nc1c(Cl)c(Cl)nc(C(O)=O)c1Cl,0
e1098,CCN(CC)C([S-])=S,0
e1099,OCCC(F)(F)C(F)(F)C(F)(F)C(F)(F)C(F)(F)C(F)(F)C(F)(F)C(F)(F)C(F)(F)C(F)(F)F,0
e1100,OCCN1CN(CCO)CN(CCO)C1,1
e1101,OCC(=O)CO,1
e1102,OCC1CCC(CO)CC1,0
e1103,[O-][S](=O)(=O)c1cccc2C(=O)C(C=Cc12)=[N+]=[N-],1
e1104,CCC=C,0
e1105,CCCC=C,0
e1106,CC(=C/C=O)/C=C/C=C(C)/C=C/C1=C(C)CCCC1(C)C,1
e1107,O=C(Nc1ccccc1SSc2ccccc2NC(=O)c3ccccc3)c4ccccc4,0
e1108,CC1=CN([C@@H]2O[C@H](CO)C=C2)C(=O)NC1=O,1
e1109,Brc1cc(Br)c(Oc2cc(Br)c(Br)cc2Br)cc1Br,0
e1110,Brc1ccc(Oc2cc(Br)c(Br)cc2Br)c(Br)c1,0
e1111,Brc1ccc(Oc2ccc(Br)cc2Br)c(Br)c1,0
e1112,C(CN1CCOCC1)OCCN2CCOCC2,0
e1114,CC1CNCC(C)O1,1
e1115,CC(=O)c1sccn1,0
e1116,[NH3+]C1=NCCS1,1
e1117,Nc1ccccc1c2ccccc2,1
e1118,CCC(C)O,0
e1119,OC\C=C/CO,1
e1120,CCCCC(CC)COC(=O)c1ccc(cc1)N(C)C,0
e1121,Cc1ccc2ccccc2c1,0
e1122,CCC(CO)(CO)[N+]([O-])=O,0
e1123,CC(CO)(CO)[N+]([O-])=O,0
e1124,CN(C)CCCNC(=O)C(C)=C,0
e1125,CC1CCCCC1CO,0
e1126,CC(=O)c1cc(C)oc1C,1
e1127,Brc1cccc(C=O)c1,0
e1128,ClCCC#N,1
e1129,CCc1cccc(N)c1,0
e1130,CC(=O)CC(N)=O,1
e1131,NC1=NC(=O)N(C=C1)[C@@H]2CS[C@H](CO)O2,0
e1132,[NH3+]CCCOCCOCCOCCC[NH3+],0
e1133,CCc1ccc(N)cc1,0
e1134,CC1CCC(CO)CC1,0
e1135,Cc1cscn1,0
e1136,C=CCCC#N,0
e1137,O=C1C=C(Oc2ccc3ccccc3c12)c4ccccc4,0
e1138,NC1=NC(=S)c2[nH]cnc2N1,1
e1139,CC(/C=C/C1(O)C(=CC(=O)CC1(C)C)C)=C/C(O)=O,0
e1140,CCOC(C)OCC,1
e1141,CC(=O)OC(CC([O-])=O)C[N+](C)(C)C,0
e1142,C[C@]12CC[C@H]3[C@@H](CCC4=CC(=O)CC[C@]34C)[C@@H]1CCC2=O,0
e1143,CC(=C\C=C\C=C(C)\C=C\C=C(C)/C=C/C(O)=O)/C=C/C=C(C)/C=C/C(O)=O,1
e1144,OCC1OC(Oc2ccc(O)cc2)C(O)C(O)C1O,0
e1145,COC(=O)C(Cc1ccccc1)NC(=O)C(N)CC(O)=O,0
e1146,Oc1ccc(cc1)C(c2ccc(O)cc2)(C(F)(F)F)C(F)(F)F,0
e1148,CCCCN1CCCCC1C(=O)Nc2c(C)cccc2C,0
e1149,Nc1ccc2C=C(\C(=N/Nc3ccc4C=C(\C(=N/Nc5ccc(cc5)N=Nc6ccc(N)c7ccc(cc67)[S]([O-])(=O)=O)C(=O)c4c3)[S]([O-])(=O)=O)C(=O)c2c1)[S]([O-])(=O)=O,1
e1150,COc1cc(ccc1N\N=C\2C=Cc3c(cc(c(N)c3C2=O)[S]([O-])(=O)=O)[S]([O-])(=O)=O)c4ccc(N\N=C/5C=Cc6c(cc(c(N)c6C5=O)[S]([O-])(=O)=O)[S]([O-])(=O)=O)c(OC)c4,1
e1151,[O-]C(=O)c1cc(ccc1[O-])N=Nc2ccc(cc2)c3ccc(N\N=C/4C(=O)C=CC(=N/Nc5cc(ccc5[O-])[S]([O-])(=O)=O)\C4=O)cc3,1
e1152,CCC1CCC(CCC([O-])=O)C1,0
e1154,CO\N=C(C(=O)N[C@H]1[C@H]2SCC(=C(N2C1=O)C(O)=O)COC(N)=O)/c3occc3,0
e1155,NC(Nc1ccc(Cl)cc1)=NC(N)=NCCCCCCN=C(N)N=C(N)Nc2ccc(Cl)cc2,0
e1156,NC(Nc1ccc(Cl)cc1)=NC(N)=NCCCCCCN=C(N)N=C(N)Nc2ccc(Cl)cc2,0
e1157,CC[C@H]1OC(=O)[C@H](C)[C@@H](O[C@H]2C[C@@](C)(OC)[C@@H](O)[C@H](C)O2)[C@H](C)[C@@H](O[C@@H]3O[C@H](C)C[C@@H]([C@H]3O)N(C)C)[C@@](C)(C[C@@H](C)C(=O)[C@H](C)[C@@H](O)[C@]1(C)O)OC,0
e1158,CCC1CCC(CCC([O-])=O)C1,0
e1159,[cH-]1cccc1,1
e1160,Oc1c(Br)cc2c(Oc3c(Br)c(O)c(Br)cc3C24OC(=O)c5c(Cl)c(Cl)c(Cl)c(Cl)c45)c1Br,1
e1161,[O-]c1c(Br)cc2c(Oc3c(Br)c([O-])c(Br)cc3C24OC(=O)c5c(Cl)c(Cl)c(Cl)c(Cl)c45)c1Br,1
e1162,CC(N)C(O)=O,0
e1163,CCN(CC)C=O,0
e1164,CC1CC[C@@]2(OC1)O[C@H]3[C@@H](O)[C@H]4[C@@H]5CC[C@H]6C[C@@H](O[C@@H]7O[C@H](CO)[C@H](O[C@@H]8O[C@H](CO)[C@@H](O)[C@H](O[C@@H]9OC[C@@H](O)[C@H](O)[C@H]9O)[C@H]8O[C@@H]%10O[C@H](CO)[C@H](O)[C@H](O[C@@H]%11O[C@H](CO)[C@@H](O)[C@H](O)[C@H]%11O)[C@H]%10O)[C@H](O)[C@H]7O)[C@H](O)C[C@]6(C)[C@H]5CC[C@]4(C)[C@H]3[C@@H]2C,0
e1165,CN3C(=O)N(C)c4nc(Cl)[nH]c4C3=O,1
e1166,CC(O)CN(C)C,0
e1167,COC(=O)C1CCC(CC1)C(=O)OC,1
e1168,OCN1C(O)C(O)N(CO)C1=O,1
e1169,CC(CCC(O)=O)(c1ccc(O)cc1)c2ccc(O)cc2,0
e1170,CC(COc1ccccc1)OCCCO,0
e1171,NCCc1ccc(O)c(O)c1,1
e1172,FC(F)(F)[C@]1(OC(=O)Nc2ccc(Cl)cc12)C#CC3CC3,0
e1173,NC1=NC(=O)N(C=C1F)[C@@H]2CS[C@H](CO)O2,0
e1174,Oc1ccc(cc1)[C@H]2COc3cc(O)ccc3C2,0
e1175,CC1CC2=C(CC1(C)C(C)=O)C(C)(C)CCC2,0
e1176,CCOC=O,0
e1177,CCOC(=O)CC,0
e1178,CCCCC(=O)OCC,0
e1179,C=CC(=O)NCCNC(=O)C=C,1
e1180,OCCC(F)(F)C(F)(F)C(F)(F)C(F)(F)C(F)(F)C(F)(F)C(F)(F)C(F)(F)F,0
e1181,OCC1OC(=O)C(O)C(O)C1O,0
e1182,O=C1NC2NC(=O)NC2N1,0
e1183,CN(C)C1=NC(=O)N(C2CCCCC2)C(=O)N1C,0
e1184,CCCCCCN,0
e1185,CN1C[C@@H](CC2[C@H]1Cc3c[nH]c4cccc2c34)C(=O)N[C@]5(C)O[C@@]6(O)[C@@H]7CCCN7C(=O)[C@H](Cc8ccccc8)N6C5=O,0
e1186,OCN1C(NC(=O)NCNC(=O)NC2N(CO)C(=O)NC2=O)C(=O)NC1=O,1
e1188,[O-][P]([O-])(=O)Oc1c[nH]c2ccccc12,1
e1189,OCc1c[nH]c2ccccc12,1
e1190,CCCCn1cc[n+](C)c1,0
e1191,CCn1cc[n+](C)c1,0
e1192,CCCC[n+]1ccccc1,0
e1193,CC(C)CCCC(C)CCCC(C)CCCC(C)(O)C=C,0
e1194,CC(C)c1ccc(O[P](=O)(Oc2ccc(cc2)C(C)C)Oc3ccc(cc3)C(C)C)cc1,0
e1195,N[C@@H](Cc1c[nH]c2ccc(O)cc12)C(O)=O,0
e1196,CN[C@@H](C)[C@H](O)c1ccccc1,0
e1197,CC(C)=CCCC(C)(O)C=C,0
e1198,CN(C)c1ccc(cc1)[C+](c2ccccc2)c3ccc(cc3)N(C)C,0
e1199,NC(=O)CC(N)=O,0
e1200,CCCCCCCC\C=C/CCCCCCCC(=O)OC1COC2C(O)COC12,0
e1202,COC(=O)C1CCC(C)CC1,0
e1203,CC(=O)\C=C\c1ccccc1,1
e1205,CN(C)C(=O)CC(C)=O,0
e1206,CCCCC(=O)N(C)C,0
e1207,CCCCN[S](=O)(=O)c1ccccc1,0
e1208,CCNC(=O)CC(C)=O,0
e1209,Cc1ccnc2N(C3CC3)c4ncccc4C(=O)Nc12,0
e1211,[cH-]1cccc1,0
e1212,CC(=C\C=C\C=C(C)\C=C\C=C(C)\C=C\C(O)=O)/C=C/C=C(C)/C=C/C(O)=O,1
e1213,COc1ccc(c(OC(C)C)c1)C2=NC(C(N2C(=O)N3CCNC(=O)C3)c4ccc(Cl)cc4)c5ccc(Cl)cc5,0
e1214,CCCCCCCC/C=C/CCCCCCCC(=O)N(CCO)CCO,0
e1215,CC1OC(C)OC(C)O1,1
e1216,CCCCCCCCC(O)=O,0
e1218,OC(=O)C(F)(F)C(F)(F)C(F)(F)C(F)(F)C(F)(F)C(F)(F)C(F)(F)C(F)(F)C(F)(F)C(F)(F)C(F)(F)F,0
e1219,OC(=O)C(F)(F)C(F)(F)C(F)(F)C(F)(F)C(F)(F)F,0
e1220,OC(=O)C(F)(F)C(F)(F)C(F)(F)C(F)(F)C(F)(F)C(F)(F)C(F)(F)C(F)(F)F,0
e1221,O[S](=O)(=O)C(F)(F)C(F)(F)C(F)(F)C(F)(F)C(F)(F)C(F)(F)C(F)(F)C(F)(F)F,0
e1222,Nc1ccc(N=Nc2ccccc2)c(N)n1,1
e1223,O[C@@H]1[C@@H](O)[C@@H](O[C@@H]([C@H]1O)C([O-])=O)Oc2ccc(cc2)C3(OC(=O)c4ccccc34)c5ccc(O)cc5,0
e1226,CCCCCCCC\C=C/CCCCCCCC([O-])=O,0
e1227,CCCNC(C)C(=O)Nc1ccccc1C,0
e1228,CC(O)COc1ccccc1,0
e1229,CC1(OC(=O)N(C1=O)c2cc(Cl)cc(Cl)c2)C=C,0
e1230,Oc1ccc(cc1)/C=C/c2cc(O)cc(O)c2,0
e1231,C[S+](CC[C@H](N)C([O-])=O)C[C@H]1O[C@H]([C@H](O)[C@@H]1O)n2cnc3c(N)ncnc23,0
e1232,OC[C@H]1O[C@@H](Oc2cccc3[C@@H]([C@@H]4c5cccc(O[C@@H]6O[C@H](CO)[C@@H](O)[C@H](O)[C@H]6O)c5C(=O)c7c(O)cc(cc47)C(O)=O)c8cc(cc(O)c8C(=O)c23)C(O)=O)[C@H](O)[C@@H](O)[C@@H]1O,1
e1233,OC[C@H]1O[C@@H](Oc2cccc3[C@@H]([C@@H]4c5cccc(O[C@@H]6O[C@H](CO)[C@@H](O)[C@H](O)[C@H]6O)c5C(=O)c7c(O)cc(cc47)C(O)=O)c8cc(cc(O)c8C(=O)c23)C(O)=O)[C@H](O)[C@@H](O)[C@@H]1O,0
e1234,OC[C@H]1O[C@@H](Oc2cccc3[C@@H]([C@H]4c5cccc(O[C@@H]6O[C@H](CO)[C@@H](O)[C@H](O)[C@H]6O)c5C(=O)c7c(O)cc(cc47)C(O)=O)c8cc(cc(O)c8C(=O)c23)C(O)=O)[C@H](O)[C@@H](O)[C@@H]1O,0
e1235,COc1cc(ccc1O)C2Oc3cc(ccc3OC2CO)C4Oc5cc(O)cc(O)c5C(=O)C4O,0
e1236,COc1cc(ccc1O)[C@@H]2Oc3cc(ccc3O[C@H]2CO)[C@H]4Oc5cc(O)cc(O)c5C(=O)[C@@H]4O,1
e1237,[S-]c1sc2ccccc2n1,1
e1238,CCC1CCC(CCC([O-])=O)C1,0
e1239,CCN(CC)c1ccc(cc1)[C+](c2ccc(cc2)N(CC)CC)c3ccc(cc3[S]([O-])(=O)=O)[S]([O-])(=O)=O,1
e1240,C[C@H](Cn1cnc2c(N)ncnc12)OC[P](O)(O)=O,1
e1241,Cc1c(O)c(Br)c(Br)c(Br)c1Br,0
e1242,CC(C)(c1cc(Br)c(OCC(Br)CBr)c(Br)c1)c2cc(Br)c(OCC(Br)CBr)c(Br)c2,0
e1244,CCC[N+](CCC)(CCC)CCC,1
e1245,OC(=O)CSCC(O)=O,0
e1247,CCC(O)OCC(C)OC(O)CC,0
e1248,Clc1ccc(cc1)C(c2ccc(Cl)cc2)c3ccc(Cl)cc3,0
e1249,OC(c1ccc(Cl)cc1)(c2ccc(Cl)cc2)c3ccc(Cl)cc3,0
e1251,CC[C@@]12CCCN3CCc4c5ccccc5n(c4[C@H]13)[C@](O)(C2)C(=O)OC,0
e1252,CCOC(=O)C1=C[C@]2(CC)CCCN3CCc4c5ccccc5n1c4[C@H]23,0
e1253,CCCCCCCCCCCCCC([O-])=O,0
e1254,NCCC(O)=O,0
e1255,CC1CC(=O)O1,1
e1256,ClCCOCOCCCl,1
e1257,O=Cc1ccccc1C=O,1
e1258,Cc1ccc(cc1)[S](N)(=O)=O,0
e1259,CC(C)(Oc1ccc(cc1)C2CC2(Cl)Cl)C(O)=O,0
e1261,NC(Cc1c[nH]c2ccccc12)C(O)=O,0
e1262,Cc1ccc(CCC2CO2)cc1,1
e1263,Clc1ccc(CCC2CO2)cc1,1
e1264,C(Cc1ccc(cc1)c2ccccc2)C3CO3,1
e1265,CN[C@@H]1[C@@H](O)[C@@H](O)[C@@H](C)O[C@@H]1O[C@@H]2C3CC#C[C@H]4O[C@]4(C#CC3=C[C@H]2OC(=O)c5c(O)ccc6c(C)cc(OC)cc56)[C@H]7COC(=O)O7,0
e1266,OCC(CO)O[P]([O-])([O-])=O,0
e1267,[O-]C(=O)CN(CC([O-])=O)CC([O-])=O,0
e1268,OC1COC(Nc2ccc(cc2)C(O)=O)C(O)C1O,0
e1269,Cc1ccccc1C2=C(O2)C([O-])=O,0
e1270,CC1(C)CCC[C@]2(C)[C@@H]1CC=C(C=O)[C@H]2C=O,0
e1271,Cc1cc2[C@@H](O)[C@H](O)[C@@H]3O[C@@H]3c2c4ccc5ccccc5c14,0
e1272,Cc1cc2c(ccc3[C@@H](O)[C@H](O)[C@@H]4O[C@@H]4c23)c5ccccc15,0
e1273,Cc1cc2ccccc2c3ccc4[C@@H]5O[C@@H]5[C@H](O)[C@@H](O)c4c13,0
e1274,N[C@@H](CCC(=O)N[C@@H](CSc1ccc(cc1[N+]([O-])=O)[N+]([O-])=O)C(=O)NCC(O)=O)C(O)=O,0
e1275,CC1CCCCN1CCCNCC(=O)Nc2n(C)nc(C)c2C(=O)c3ccccc3F,1
e1276,CCN(CC)CC(=O)Nc1n(C)nc(C)c1C(=O)c2ccccc2F,1
e1277,C/C=C/C=C/C([O-])=O,0
e1278,CCC([O-])=O,0
e1279,OC1COC(O)C(O)C1O,0
e1280,CC(C)(O)CC(O)C(=O)NCCC([O-])=O,0
e1281,O=C1NC2=C(CCC2)C(=O)N1C3CCCCC3,0
e1282,C1OC1Cc2ccc(Cc3ccccc3)cc2,1
e1283,O=C1C(=O)c2c3ccccc3ccc2c4ccccc14,0
e1284,Cc1cc2c(ccc3C(O)C(O)[C@@H]4O[C@H]4c23)c5ccccc15,0
e1285,C[C@H](CCC(O)=O)[C@H]1CC[C@H]2[C@@H]3[C@H](O)C[C@@H]4C[C@H](O)CC[C@]4(C)[C@H]3CC[C@]12C,1
e1286,Nc1c(N=Nc2ccc(cc2)[N+]([O-])=O)c(cc3C=C(/C(=N/Nc4ccc(cc4)c5ccc(NN=C6C=CC(=O)C=C6)cc5)C(=O)c13)[S]([O-])(=O)=O)[S]([O-])(=O)=O,1
e1287,Cc1ccc(cc1)[S](=O)(=O)Oc2ccc(cc2)N=Nc3ccc(c(C)c3)c4ccc(N\N=C\5C(=O)c6ccc(cc6C=C5[S]([O-])(=O)=O)[S]([O-])(=O)=O)cc4C,0
e1288,Oc1cc2ccc3cccc4cc5c6ccccc6c1c5c2c34,0
e1289,CCOc1ccc(NC(=O)CC(C)O)cc1,1
e1290,CC(O)C(NC(=O)C(C)C(O)C(C)NC(=O)C(NC(=O)c1nc(nc(N)c1C)C(CC(N)=O)NCC(N)C(N)=O)C(O[C@@H]2O[C@@H](CO)[C@@H](O)[C@H](O)[C@@H]2O[C@H]3O[C@H](CO)[C@@H](O)[C@H](OC(N)=O)[C@@H]3O)c4[nH]cnc4)C(=O)NCCc5scc(n5)c6scc(n6)C(=O)NCCC[S+](C)C,1
e1291,CC1(C)C[C@H]2[C@H](O)[C@@]3(C)C[C@@]3(C=O)C(=C2C1)C=O,0
e1292,CC(=O)O[C@H]1[C@@H]2CC(C)(C)CC2=C(C=O)[C@@]3(C[C@]13C)C=O,0
e1294,CCC(C)[N+]([O-])=O,0
e1295,O=Cc1c2ccccc2cc3ccccc13,0
e1296,CC(C)=C[C@@H]1[C@@H](C(=O)OCN2C(=O)C3=C(CCCC3)C2=O)C1(C)C,1
e1297,OC(CC([O-])=O)(CC([O-])=O)C([O-])=O,0
e1298,Oc1cc2ccccc2c3cc4c(ccc5ccccc45)nc13,0
e1299,CCCCCCCC/C=C/CCCCCCCC(O)=O,0
e1300,CN(C)CC(O)=O,0
e1301,CNCC(O)=O,0
e1302,[O-]C(=O)CN(CC([O-])=O)CC([O-])=O,0
e1303,CCN(CC)CCCC(C)Nc1ccnc2cc(Cl)ccc12,1
e1305,CC(C)c1c(O)c(O)c(C=O)c2c(O)c(c(C)cc12)c3c(C)cc4c(C(C)C)c(O)c(O)c(C=O)c4c3O,0
e1306,c1ccncc1,1
e1307,CC(=O)O[C@@H]1COC(Nc2ccc(cc2)[N+]([O-])=O)[C@H](OC(C)=O)[C@H]1OC(C)=O,0
e1308,O=C1NC(=O)C2CC=CCC12,0
e1309,OC[C@@H](O)[C@@H](O)[C@H](O)[C@@H](O)C([O-])=O,0
e1310,OCC(O)C(O)C(O)C(O)C=O,0
e1311,CC(=O)CC(O)(CC(O)=O)C(O)=O,0
e1312,[O-]C(=O)CN(CCN(CC([O-])=O)CC([O-])=O)CC([O-])=O,0
e1313,OC(=O)CN(CCN(CC(O)=O)CC([O-])=O)CC([O-])=O,0
e1315,CC(O)C([O-])=O,0
e1316,OC(=O)C(O)(CC([O-])=O)CC([O-])=O,0
e1317,OC(=O)\C(Cl)=C(C(Cl)Cl)/C(O)=O,1
e1318,O=C(\C=C\c1ccccc1)c2ccccc2,0
e1319,COc1ccc(Cc2cnc(N)nc2N)cc1OC,1
e1320,[O-]C(=O)CN(CC([O-])=O)CC([O-])=O,0
e1321,CCC(O)/C=C\C=C/C=C\C=C/C=O,1
e1322,Nc1ccc(N=Nc2ccccc2)c(N)c1,0
e1323,C[C@H](CCC(O)=O)[C@H]1CC[C@H]2[C@@H]3CC[C@@H]4CC(=O)CC[C@]4(C)[C@H]3C[C@H](O)[C@]12C,0
e1324,C[C@H](CCC(O)=O)[C@H]1CC[C@H]2[C@@H]3CC[C@@H]4C[C@H](O)CC[C@]4(C)[C@H]3CC(=O)[C@]12C,0
e1325,C[C@H](CCC(O)=O)[C@H]1CC[C@H]2[C@@H]3CC[C@@H]4C[C@H](O)CC[C@]4(C)[C@H]3C[C@@H](O)[C@]12C,0
e1326,C[C@H](CCC(O)=O)[C@H]1CC[C@H]2[C@@H]3CC[C@@H]4C[C@@H](O)CC[C@]4(C)[C@H]3C[C@H](O)[C@]12C,0
e1327,C[C@H](CCC(O)=O)[C@H]1CC[C@H]2[C@@H]3CC[C@@H]4CC(=O)CC[C@]4(C)[C@H]3C[C@@H](O)[C@]12C,0
e1328,OC1C(O)c2cccnc2C3OC13,0
e1329,C/C=C1/C[C@@H](C)[C@](O)(CO)C(=O)OCC2=CC[N+]3([O-])CC[C@@H](OC1=O)[C@@H]23,0
e1330,O1[C@H]2C3OC3c4ncccc4[C@H]12,0
e1331,CN(C[S]([O-])(=O)=O)C1=C(C)N(C)N(C1=O)c2ccccc2,1
e1332,CCCCCCC(O)C1C(O)C2=C(CC(CC3=C1C(=O)OC3=O)C(O)C4CC=CC(=O)O4)C(=O)OC2=O,0
e1333,OC1OCC=C2OC(=O)C=C12,0
e1334,CCN(CC)c1ccc2c(c1)[o+]c3cc(ccc3c2c4ccccc4C(O)=O)N(CC)CC,0
e1335,CCNc1cc2[o+]c3cc(NCC)c(C)cc3c(c2cc1C)c4ccccc4C(=O)OCC,0
e1336,OC(=O)c1ccccc1c2c3cc4CCCN5CCCc(c3[o+]c6c7CCCN8CCCc(cc26)c78)c45,0
e1337,CC1=C(C)C2(C(=C(C)C1=O)C)c3cc([O-])ccc3N=C4C=CC(=O)C=C24,0
e1338,COC(=O)C12OC1(C)C(C)(O)OC2=O,1
e1339,CCC12OC1(C(=O)OC)C(=O)OC2C,1
e1340,COC(=O)C12OC1(C)C(C)(O)NC2=O,1
e1341,CCC12OC1(C(=O)NC2(C)O)C(=O)OC,1
e1342,NC(=O)C1(OC1C(=O)c2ccccc2)C(N)=O,1
e1343,COC(=O)C1(OC1(C)C(O)C(C)C)C(N)=O,1
e1344,Cc1ccc2N(SC(=NC(=O)CCCl)c2c1)C(=O)CCCl,0
e1345,Cc1ccc2N(SC(=NC(=O)CCCCl)c2c1)C(=O)CCCCl,0
e1346,Cc1ccc2N(SC(=NC(=O)c3ccccc3[N+]([O-])=O)c2c1)C(=O)c4ccccc4[N+]([O-])=O,0
e1347,ClCCC(=O)N=C1SN(C(=O)CCCl)c2ccc(Cl)cc12,0
e1348,C=CCC1=CC=C[C-]=C1,0
e1349,C1CN2CCCc3cccc(C1)c23,0
e1350,CC1Cc2cccc3CC(C)N1c23,0
e1351,C=CCN(CCN(CC=C)CC=C)CC=C,0
e1352,C\1C\C=C/CC\C=C1,0
e1353,C\2C\C=C/CC\C=C2,1
e1354,C=CCNc1ccccc1,1
e1355,COc1cccc2C(=O)c3c(O)c4C[C@](O)(CC(O[C@H]5C[C@@H]([C@H](O)[C@H](C)O5)N(C)C)c4c(O)c3C(=O)c12)C(=O)CO,0
e1356,COc1cccc2C(=O)c3c(O)c4CC(O)(CC(OC5CC(C(O)C(C)O5)N6CCOCC6C#N)c4c(O)c3C(=O)c12)C(=O)CO,0
e1357,c1ccncc1,0
e1358,CC(N)c1ccccc1,0
e1359,O[C@H]1C=Cc2ccc3cc4c(ccc5ccccc45)cc3c2[C@@H]1O,0
e1360,CC(C)=C[C@@H]1[C@H](C(=O)OCc2oc(Cc3ccccc3)cc2)C1(C)C,0
e1361,C1CCC(CC1)C(CC2CCCCN2)C3CCCCC3,0
e1362,N[C@H](CS)C(O)=O,0
e1363,CC(=O)ON(C(C)=O)c1ccc(Oc2ccccc2)cc1,1
e1364,C[C@@]12CCC[C@](C)([C@H]1CC[C@]34CC(=C)[C@](CC[C@@H]23)(C4)O[C@@H]5O[C@H](CO)[C@@H](O)[C@H](O)[C@H]5O[C@@H]6O[C@H](CO)[C@@H](O)[C@H](O)[C@H]6O)C(=O)O[C@@H]7O[C@H](CO)[C@@H](O)[C@H](O)[C@H]7O,1
e1365,Oc2ccccc2C([O-])=O,0
e1366,CC1(C)C2CCC1(C)C(=O)C2=O,0
e1367,C[N+]1(CCN[P](=S)(NCC[N+]2(C)Cc3c(ccc4OCOc34)[C@H]5[C@@H](O)Cc6cc7OCOc7cc6[C@@H]25)NCC[N+]8(C)Cc9c(ccc%10OCOc9%10)[C@H]%11[C@@H](O)Cc%12cc%13OCOc%13cc%12[C@@H]8%11)Cc%14c(ccc%15OCOc%14%15)[C@H]%16[C@@H](O)Cc%17cc%18OCOc%18cc%17[C@@H]1%16,0
e1368,COC(=O)c1[nH]c2c(ccc3ccc[n+](C)c23)c1,0
e1373,OC(=O)CNC[P](O)(O)=O,1
e1374,COc1cccc2c1cc(c3c(cc4OCOc4c23)C([O-])=O)[N+]([O-])=O,0
e1375,CC1(C)C2CCC1(C)[C@@H](O)C2,0
e1376,NC1=NC(=O)c2ncn([C@@H]3O[C@H](CO[P]([O-])([O-])=O)[C@@H](O)[C@H]3O)c2N1,0
e1377,OC(=O)CC(O)(CC([O-])=O)C(O)=O,0
e1378,N[C@@H](CCC(O)=O)C([O-])=O,0
e1379,OC(CC([O-])=O)(CC([O-])=O)C([O-])=O,0
e1380,OC(CC(O)=O)C(O)=O,0
e1381,OC[C@H](O)C1OC(=O)[C-](O)C1=O,0
e1382,CCNC(C)CC(C)NCC,0
e1383,CN1CCC=C2C1CCc3sc(N)nc23,0
e1384,ClCC(Cl)CBr,1
e1385,CC(Br)CBr,1
e1386,CCC[C@H]1O[C@@H]1c2ccccc2,0
e1387,OC(=O)CCC([O-])=O,0
e1388,Cc1cc2C(=O)CCc2c3ccc4c(O)c(O)ccc4c13,1
e1389,CC(CN1c2ccccc2Sc3ccccc13)N(C)C,0
e1390,[O-]C(=O)COc1ccccc1,0
e1391,CC(O)c1ccc2ccc3cccc4ccc1c2c34,1
e1392,OC1Cc2cc3cccc4ccc5ccc1c2c5c34,1
e1393,CC(O)c1cc2ccc3cccc4ccc(c1)c2c34,1
e1394,OC1c2cccc3ccc4cccc1c4c23,0
e1395,NC1=NC(=O)N(C=C1)[C@@H]2O[C@H](CO[P]([O-])([O-])=O)[C@@H](O)[C@H]2O,0
e1396,NC(CCC(O)=O)C(O)=O,0
e1397,[O-]C(=O)\C=C\C([O-])=O,0
e1398,CC(O)C([O-])=O,0
e1399,OC(C(O)C([O-])=O)C([O-])=O,0
e1400,O[C@H]([C@@H](O)C([O-])=O)C(O)=O,0
e1401,OC[C@@H](O)[C@@H](O)[C@H](O)[C@@H](O)C([O-])=O,0
e1402,COC(=O)[C@H](C)Cl,0
e1403,C1C[C@H]2CCc3ccccc3[C@@]24O[C@H]4C1,0
e1404,C1CCC2C(C1)[C@@H]3O[C@H]3c4ccccc24,0
e1405,Brc1ccc2[C@H]3CCCC[C@@H]3[C@H]4O[C@H]4c2c1,0
e1406,COc1ccc2[C@@H]3O[C@@H]3[C@H]4CCCC[C@@H]4c2c1,0
e1408,CC2(CC(=O)c3ccccc3C2=O)[S](O)(=O)=O,1
e1409,[O-]c1c(Cl)cc(Cl)cc1[N+]([O-])=O,0
e1410,Cc1cc(N)ccc1N,1
e1411,C(Oc1cccc2cccnc12)c3ccccc3,0
e1412,COc1cccc2cccnc12,0
e1413,Clc1ccccc1c2oc3ccccc3n2,0
e1414,CN[P](=O)(NC)NC,0
e1415,[O-][N+](=O)c1ccc(COc2ccccc2)cc1,0
e1416,Oc1ccc(Oc2c(Cl)cc(Cl)cc2Cl)cc1,0
e1417,OC1CC23OC2(C1)C=CC=C3,0
e1418,CNCC(O)c1ccc(O)c(O)c1,0
e1419,O=C=Nc1ccc(Cc2ccccc2N=C=O)cc1,1
e1420,O=C=Nc1ccc(Cc2ccc(cc2)N=C=O)cc1,1
e1421,Clc1ccc2Sc3ccccc3N(CCCN4C(=O)c5ccccc5C4=O)c2c1,0
e1422,NC(CCC(=O)NNc1ccccc1)C(O)=O,1
e1424,ClCC(Cl)C=C,0
e1425,N[C@@H](CCCN=C(N)N)C(O)=O,1
e1426,NC(CS)C(O)=O,0
e1427,CC1=C(Cl)C(=O)NC1=O,0
e1428,Cc1c[nH]c2ccccc12,0
e1429,CC(C)CCC[C@@H](C)[C@H]1CC[C@H]2[C@H]3[C@H](CC[C@]12C)[C@@]4(C)CC[C@H](O)CC4=CC3=O,0
e1430,CCNC1=C(C=C2C(=C1)OC3=CC(=[NH+]CC)C(=CC3=C2C4=CC=CC=C4C(=O)OCC)C)C,0
e1432,C1OC2=C(O1)C=C(C=C2)C3=NC(=NC(=N3)C(Cl)(Cl)Cl)C(Cl)(Cl)Cl,1
e1433,C1=CC=C2C=C(C=CC2=C1)C(=O)[O-],0
e1434,C(C1C(C(C(C(O1)OCC2C(C(C(C(O2)OCC(C(C(C(C=O)O)O)O)O)O)O)O)O)O)O)O,0
e1435,C1=CC=C(C=C1)N/N=C\2/C(=CC3=CC(=C(C(=C3C2=O)N)N=NC4=CC=C(C=C4)C5=CC=C(C=C5)N=NC6=C(C=C(C=C6)N)N)S(=O)(=O)[O-])S(=O)(=O)[O-],1
e1437,CCCCCCC(O)C/C=C\CCCCCCCC(=O)OCC(OC(=O)CCCCCCC/C=C\CC(O)CCCCCC)COC(=O)CCCCCCC/C=C\CC(O)CCCCCC,0
e1438,COC1=CC=CC(=C1O)CC(CS(=O)(=O)[O-])OC2=C(C=C(C=C2)CCCS(=O)(=O)[O-])OC,0
e1439,C1=C2C(=C(C(=C1Br)[O-])Br)OC3=C(C(=O)C(=CC3=N2)Br)Br,0
e1440,C([C@H]([C@H]([C@@H]([C@H](C(=O)[O-])O)O)O)O)O,0
e1441,CC1=CC2=C(C=C1C)N(C=N2)C3C(C(C(O3)CO)OP(=O)([O-])O[C@@H](C)CNC(=O)CC[C@@]\4([C@H](C5[C@]6([C@@]([C@@H](C(=N6)/C(=C\7/[C@@]([C@@H](C(=N7)/C=C\8/C([C@@H](C(=N8)/C(=C4\[N-]5)/C)CCC(=O)N)(C)C)CCC(=O)N)(C)CC(=O)N)/C)CCC(=O)N)(C)CC(=O)N)C)CC(=O)N)C)O,0
e1442,C(C1C(C(C(C(O1)O)O)O)O)O,1
e1443,C1=CC(=CC=C1C2=CC(=C(C(=C2Cl)Cl)N)[N+](=O)[O-])N,1
e1444,C[C@H]1C[C@H]([C@@](O[C@@H]1[C@H]2C[C@@H]([C@@]3(O2)[C@@H]([C@H](C[C@@H](O3)[C@@]4(CC[C@@]5(O4)C[C@@H]([C@H]([C@H](O5)[C@@H](C)/C=C(\C)/C(=O)[C@H](C)C[C@H](C)C(=O)[O-])C)O)C)OC6CC[C@@H]([C@H](O6)C)OC)C)C)(CO)O)C,0
e1445,CCC(=C1C(=O)CC(CC1=O)CC(C)SCC)NOC/C=C/Cl,0
e1446,C1=CC(=C2C(=C1N)C(=CC(=O)C2=O)O)O,1
e1447,C1=CC(=C(C=C1C2=CC(=C(C=C2[N+](=O)[O-])N)Cl)Cl)N,1
e1448,C1=CC(=C2C(=O)C=CC(=O)C2=C1N)O,1
e1449,CCCCNC(=O)C1=C(C=CC(=C1)N)OC2=CC=CC=C2,0
e1450,C([C@H]([C@@H]([C@H](C=O)O)O)O)O,0
e1451,C(COCCO)O,0
e1452,C1=CC2=C(C=C1N)C(=O)/C(=N\NC3=C(C=C(C=C3)N=NC4=C(C=C(C=C4)NCCO)NCCO)OCCO)/C(=C2)S(=O)(=O)[O-],1
e1453,CCCCOC1=C(C=CC(=C1)N=NC2=C(C=C(C=C2)NCCO)NCCO)N/N=C\3/C(=CC4=C(C3=O)C=C(C=C4)N)S(=O)(=O)[O-],1
e1454,CC(C)CCCCCCC(=O)OCC1=CC(=C(C=C1)O)OC,0
e1455,C1C2=C(C3=C(C=C2)C=CC(=C3)[N+](=O)[O-])C(=O)C4=CC=CC=C41,1
e1456,C1=C(C=C(C(=C1[N+](=O)[O-])C(=O)O)[N+](=O)[O-])N,1
e1457,C1=C(C=C(C(=C1[N+](=O)[O-])C(=O)O)N)[N+](=O)[O-],1
e1458,C1=C(C=C(C(=C1[N+](=O)[O-])CO)N)[N+](=O)[O-],1
e1459,C1=C(C=C(C(=C1[N+](=O)[O-])CO)[N+](=O)[O-])N,1
e1460,CCCCC1=C(C=CC2=CC=CC=C21)N,1
e1461,COC1=CC2=C(C=CN=C2C=C1)[C@H]([C@@H]3C[C@@H]4CCN3C[C@@H]4C=C)O,0
e1462,COC1=CC2=C(C=CN=C2C=C1)[C@H]([C@@H]3C[C@@H]4CCN3C[C@@H]4C=C)O,0
e1463,C1=CC=C2C(=C1)C=CC3=C2C4=C(C=C3)C5=C(C=C4)C(=C(C6=C5O6)O)O,1
e1464,C1CNC(=S)[C@H]1[C@H]2C3=C(C[C@H](N2)C(=O)O)C4=CC=CC=C4N3,0
e1465,C[C@H]1[C@H]([C@H](C([C@@H](O1)C(=O)O)O[C@H]2[C@H]([C@H]([C@@H]([C@H](O2)C(=O)O)OC)O)O)O)O,0
e1466,C/C=C\C1=CC(=O)[C@]23C[C@H]2C(O[C@@]3(C1=O)O)(C)C,1
e1467,C1CNC(=S)[C@H]1[C@@H]2C3=C(C[C@H](N2)C(=O)O)C4=CC=CC=C4N3,1
e1468,CC1=CC=C(C=C1)/C=C/C2=CC=C(C=C2)N,1
e1469,CCC(C)C1=CC=C(C=C1)/C=C/C2=CC=C(C=C2)N,1
e1470,CCC1=C(C=CC2=C1CC3=CC=CC=C32)N,1
e1471,COC1=C2C3=C(C(=O)CC3)C(=O)OC2=C4C(=C1)O[C@@H]5[C@]4([C@@H]6[C@@H](O6)O5)O,1
e1472,C1=C(C(=O)NC(=O)N1C2C(C(C(O2)C(C(=O)[O-])NC(=O)C(C(C(COC(=O)N)O)O)N)O)O)C(=O)[O-],1
e1473,C#CC1=C2C=CC=C3C2=C(C=C1)C4=CC=CC=C43,1
e1474,CC1=C2C3=CC=CC=C3C=C4C2=C(C=C1)C5=CC=CC=C54,1
e1475,CC1=C2C3=CC=CC=C3C4=CC5=CC=CC=C5C(=C42)C=C1,1
e1476,CC1=C2C3=CC=CC=C3C4=CC=CC(=C42)C5=CC=CC=C15,1
e1477,CC1=CC=CC2=C3C=CC=C4C3=C(C=C12)C5=CC=CC=C54,1
e1478,CC1=CC(=C2C3=CC=CC=C3C4=CC5=CC=CC=C5C1=C42)C,1
e1479,CC1=C(C=C2C(=C1)C3=CC=CC4=C3C2=CC5=CC=CC=C45)C,1
e1480,CC1=CC=CC2=CC3=C(C=C12)C4=CC=CC5=C4C3=CC=C5,1
e1481,CC1=CC2=CC3=C(C=C2C=C1)C4=CC=CC5=C4C3=CC=C5,1
e1482,COC1=CC2=C(C=C1)NC3=C(C2=S)C=C(C=C3)OC,1
e1483,COC1=CC2=C(C=C1)N=C3C=CC(=CC3=C2SCCCN)OC,1
e1484,C1=CC=C2C(=C1)C(=CC(=C2[O-])N=NC3=CC=C(C=C3)C4=CC=C(C=C4)N=NC5=C(C6=CC=CC=C6C(=C5)S(=O)(=O)O)[O-])S(=O)(=O)O,1
e1485,COCC1CCC(CC1)CO,0
e1486,CCCN(CCC)C(=O)CN,1
e1487,C1=CC2=C(C(=C1)O)C(=O)C3=C(C=C(C=C3[C@@H]2O[C@H]4[C@@H]([C@@H]([C@H]([C@H](O4)CO)O)O)O)CO)O,1
e1488,CC(=O)N[C@@H]1[C@H]([C@H]([C@H](O[C@H]1O)CO)O)O,0
e1489,CCCC[N+]1(CCCC1)C,0
e1490,CCN1C=C[N+](=C1)C,0
e1491,COC1=CC(=O)OC(C1)/C=C/C2=CCCC=C2,0
e1492,CC(=O)N[C@@H]1[C@H]([C@H]([C@H](O[C@H]1O)CO)O)O,0
e1493,COC1=C(C=CC(=C1)[C@@H]2[C@@H](OC3=C(O2)C=C(C=C3)[C@H]4C(C(=O)C5=C(C=C(C=C5O4)O)O)O)CO)O,1
e1494,C(C(=O)[O-])C(CC(=O)OO)(C(=O)[O-])O,0
e1495,CC(=O)OCCCCCCBr,0
e1496,CC(C)C1CCC2(CCCC(=O)C2(C1)C)C,0
e1497,CC1[C@H]2C[C@]2(CC1=O)C(C)C,0
e1498,C[C@@H]1CC[C@H]([C@H](C1)O)C(C)C,0
e1499,COC1=CC(=CC(=C1O)OC)[C@H]2[C@@H]3[C@H](COC3=O)[C@@H](C4=CC5=C(C=C24)OCO5)O[C@H]6[C@@H]([C@H]([C@H]7[C@H](O6)CO[C@H](O7)C8=CC=CS8)O)O,1
e1500,CC1([C@@H](N2[C@H](S1)[C@@H](C2=O)NC(=O)CC3=CC=CC=C3)C(=O)[O-])C,0
e1501,C(C(CO)O)O,0
e1502,C=CCSSSCC=C,0
e1503,CCCCCC/C=C/CCCCCCCC1=CC(=CC=C1)O,0
e1504,C1=CN(C=N1)CC(C(=O)O)N,0
e1505,CC1=NC2=C(C3=C(C=C2N=C1)N=C(N3C)C)C,0
e1506,C1=CC2=CC(=C(C(=C2N=C1)F)F)F,0
e1507,C1=CC2=CC(=C(C=C2N=C1)F)F,0
e1508,C1=CC(=CC=C1CC(C(=O)O)N)Cl,0
e1509,CC[N+](CC)(CCCCCN1C(=CC(=O)N(C1=O)CCCCC[N+](CC)(CC)CC2=CC=CC=C2[N+](=O)[O-])C)CC3=CC=CC=C3[N+](=O)[O-],1
,,